Timestamp,kW
2022-10-01 06:00:00,0.193
2022-10-01 06:30:00,0.524
2022-10-01 07:00:00,0.909
2022-10-01 07:30:00,2.175
2022-10-01 08:00:00,2.82
2022-10-01 08:30:00,3.2
2022-10-01 09:00:00,2.877
2022-10-01 09:30:00,4.093
2022-10-01 10:00:00,4.078
2022-10-01 10:30:00,4.171
2022-10-01 11:00:00,4.427
2022-10-01 11:30:00,2.011
2022-10-01 12:00:00,2.166
2022-10-01 12:30:00,1.7
2022-10-01 13:00:00,1.448
2022-10-01 13:30:00,3.567
2022-10-01 14:00:00,1.141
2022-10-01 14:30:00,3.495
2022-10-01 15:00:00,0.902
2022-10-01 15:30:00,2.219
2022-10-01 16:00:00,1.256
2022-10-01 16:30:00,0.602
2022-10-01 17:00:00,0.234
2022-10-01 17:30:00,0.085
2022-10-01 18:00:00,0.047
2022-10-01 18:30:00,0.047
2022-10-01 19:00:00,0.0
2022-10-02 06:00:00,0.178
2022-10-02 06:30:00,0.331
2022-10-02 07:00:00,0.868
2022-10-02 07:30:00,1.806
2022-10-02 08:00:00,2.47
2022-10-02 08:30:00,3.17
2022-10-02 09:00:00,3.353
2022-10-02 09:30:00,3.672
2022-10-02 10:00:00,3.954
2022-10-02 10:30:00,4.012
2022-10-02 11:00:00,3.88
2022-10-02 11:30:00,3.744
2022-10-02 12:00:00,1.546
2022-10-02 12:30:00,1.448
2022-10-02 13:00:00,1.361
2022-10-02 13:30:00,1.257
2022-10-02 14:00:00,0.957
2022-10-02 14:30:00,2.782
2022-10-02 15:00:00,2.356
2022-10-02 15:30:00,1.825
2022-10-02 16:00:00,1.255
2022-10-02 16:30:00,0.503
2022-10-02 17:00:00,0.211
2022-10-02 17:30:00,0.069
2022-10-02 18:00:00,0.046
2022-10-02 18:30:00,0.047
2022-10-02 19:00:00,0.0
2022-10-03 06:00:00,0.169
2022-10-03 06:30:00,0.387
2022-10-03 07:00:00,0.313
2022-10-03 07:30:00,0.736
2022-10-03 08:00:00,0.745
2022-10-03 08:30:00,3.991
2022-10-03 09:00:00,2.462
2022-10-03 09:30:00,1.149
2022-10-03 10:00:00,2.437
2022-10-03 10:30:00,1.492
2022-10-03 11:00:00,1.121
2022-10-03 11:30:00,1.848
2022-10-03 12:00:00,1.895
2022-10-03 12:30:00,2.151
2022-10-03 13:00:00,2.198
2022-10-03 13:30:00,0.907
2022-10-03 14:00:00,0.468
2022-10-03 14:30:00,0.505
2022-10-03 15:00:00,0.939
2022-10-03 15:30:00,0.893
2022-10-03 16:00:00,1.091
2022-10-03 16:30:00,0.349
2022-10-03 17:00:00,0.146
2022-10-03 17:30:00,0.063
2022-10-03 18:00:00,0.052
2022-10-03 18:30:00,0.047
2022-10-03 19:00:00,0.0
2022-10-04 06:00:00,0.169
2022-10-04 06:30:00,0.218
2022-10-04 07:00:00,0.345
2022-10-04 07:30:00,0.168
2022-10-04 08:00:00,0.209
2022-10-04 08:30:00,0.355
2022-10-04 09:00:00,0.566
2022-10-04 09:30:00,0.522
2022-10-04 10:00:00,1.061
2022-10-04 10:30:00,4.117
2022-10-04 11:00:00,5.057
2022-10-04 11:30:00,4.16
2022-10-04 12:00:00,4.157
2022-10-04 12:30:00,1.347
2022-10-04 13:00:00,3.948
2022-10-04 13:30:00,3.851
2022-10-04 14:00:00,3.08
2022-10-04 14:30:00,3.111
2022-10-04 15:00:00,2.915
2022-10-04 15:30:00,0.498
2022-10-04 16:00:00,0.531
2022-10-04 16:30:00,0.29
2022-10-04 17:00:00,0.117
2022-10-04 17:30:00,0.069
2022-10-04 18:00:00,0.051
2022-10-04 18:30:00,0.047
2022-10-04 19:00:00,0.0
2022-10-05 06:00:00,0.129
2022-10-05 06:30:00,0.427
2022-10-05 07:00:00,0.388
2022-10-05 07:30:00,0.431
2022-10-05 08:00:00,0.493
2022-10-05 08:30:00,0.97
2022-10-05 09:00:00,0.891
2022-10-05 09:30:00,2.075
2022-10-05 10:00:00,2.183
2022-10-05 10:30:00,1.258
2022-10-05 11:00:00,1.48
2022-10-05 11:30:00,2.059
2022-10-05 12:00:00,1.409
2022-10-05 12:30:00,0.868
2022-10-05 13:00:00,1.582
2022-10-05 13:30:00,1.092
2022-10-05 14:00:00,1.364
2022-10-05 14:30:00,1.627
2022-10-05 15:00:00,1.22
2022-10-05 15:30:00,1.321
2022-10-05 16:00:00,1.119
2022-10-05 16:30:00,0.23
2022-10-05 17:00:00,0.111
2022-10-05 17:30:00,0.083
2022-10-05 18:00:00,0.051
2022-10-05 18:30:00,0.047
2022-10-05 19:00:00,0.0
2022-10-06 06:00:00,0.123
2022-10-06 06:30:00,0.216
2022-10-06 07:00:00,0.385
2022-10-06 07:30:00,0.541
2022-10-06 08:00:00,0.596
2022-10-06 08:30:00,1.0
2022-10-06 09:00:00,1.036
2022-10-06 09:30:00,1.497
2022-10-06 10:00:00,0.648
2022-10-06 10:30:00,0.71
2022-10-06 11:00:00,1.011
2022-10-06 11:30:00,0.675
2022-10-06 12:00:00,0.986
2022-10-06 12:30:00,2.046
2022-10-06 13:00:00,1.608
2022-10-06 13:30:00,0.642
2022-10-06 14:00:00,1.021
2022-10-06 14:30:00,1.21
2022-10-06 15:00:00,2.671
2022-10-06 15:30:00,2.252
2022-10-06 16:00:00,1.266
2022-10-06 16:30:00,0.546
2022-10-06 17:00:00,0.213
2022-10-06 17:30:00,0.082
2022-10-06 18:00:00,0.046
2022-10-06 18:30:00,0.047
2022-10-06 19:00:00,0.0
2022-10-07 06:00:00,0.286
2022-10-07 06:30:00,0.595
2022-10-07 07:00:00,0.915
2022-10-07 07:30:00,1.102
2022-10-07 08:00:00,1.234
2022-10-07 08:30:00,1.184
2022-10-07 09:00:00,2.467
2022-10-07 09:30:00,1.027
2022-10-07 10:00:00,1.233
2022-10-07 10:30:00,4.215
2022-10-07 11:00:00,1.968
2022-10-07 11:30:00,1.428
2022-10-07 12:00:00,3.966
2022-10-07 12:30:00,2.863
2022-10-07 13:00:00,1.35
2022-10-07 13:30:00,1.189
2022-10-07 14:00:00,1.542
2022-10-07 14:30:00,0.949
2022-10-07 15:00:00,0.485
2022-10-07 15:30:00,0.396
2022-10-07 16:00:00,0.568
2022-10-07 16:30:00,0.467
2022-10-07 17:00:00,0.236
2022-10-07 17:30:00,0.065
2022-10-07 18:00:00,0.046
2022-10-07 18:30:00,0.047
2022-10-07 19:00:00,0.0
2022-10-08 06:00:00,0.089
2022-10-08 06:30:00,0.357
2022-10-08 07:00:00,0.788
2022-10-08 07:30:00,1.305
2022-10-08 08:00:00,1.944
2022-10-08 08:30:00,1.174
2022-10-08 09:00:00,1.02
2022-10-08 09:30:00,4.26
2022-10-08 10:00:00,3.806
2022-10-08 10:30:00,4.028
2022-10-08 11:00:00,4.346
2022-10-08 11:30:00,4.541
2022-10-08 12:00:00,3.998
2022-10-08 12:30:00,4.023
2022-10-08 13:00:00,3.914
2022-10-08 13:30:00,3.685
2022-10-08 14:00:00,0.867
2022-10-08 14:30:00,3.276
2022-10-08 15:00:00,2.392
2022-10-08 15:30:00,1.853
2022-10-08 16:00:00,1.279
2022-10-08 16:30:00,0.588
2022-10-08 17:00:00,0.233
2022-10-08 17:30:00,0.102
2022-10-08 18:00:00,0.047
2022-10-08 18:30:00,0.047
2022-10-08 19:00:00,0.0
2022-10-09 06:00:00,0.175
2022-10-09 06:30:00,0.5
2022-10-09 07:00:00,0.884
2022-10-09 07:30:00,1.118
2022-10-09 08:00:00,1.944
2022-10-09 08:30:00,1.174
2022-10-09 09:00:00,1.02
2022-10-09 09:30:00,4.26
2022-10-09 10:00:00,3.806
2022-10-09 10:30:00,4.028
2022-10-09 11:00:00,4.346
2022-10-09 11:30:00,4.541
2022-10-09 12:00:00,3.998
2022-10-09 12:30:00,4.023
2022-10-09 13:00:00,3.914
2022-10-09 13:30:00,3.685
2022-10-09 14:00:00,0.867
2022-10-09 14:30:00,3.276
2022-10-09 15:00:00,2.392
2022-10-09 15:30:00,1.853
2022-10-09 16:00:00,1.279
2022-10-09 16:30:00,0.588
2022-10-09 17:00:00,0.233
2022-10-09 17:30:00,0.102
2022-10-09 18:00:00,0.047
2022-10-09 18:30:00,0.047
2022-10-09 19:00:00,0.0
2022-10-10 06:00:00,0.248
2022-10-10 06:30:00,0.213
2022-10-10 07:00:00,0.485
2022-10-10 07:30:00,0.75
2022-10-10 08:00:00,0.96
2022-10-10 08:30:00,1.144
2022-10-10 09:00:00,0.929
2022-10-10 09:30:00,1.433
2022-10-10 10:00:00,1.238
2022-10-10 10:30:00,2.369
2022-10-10 11:00:00,1.222
2022-10-10 11:30:00,1.7
2022-10-10 12:00:00,4.524
2022-10-10 12:30:00,1.297
2022-10-10 13:00:00,1.585
2022-10-10 13:30:00,3.669
2022-10-10 14:00:00,1.074
2022-10-10 14:30:00,2.668
2022-10-10 15:00:00,2.241
2022-10-10 15:30:00,1.586
2022-10-10 16:00:00,1.057
2022-10-10 16:30:00,0.534
2022-10-10 17:00:00,0.229
2022-10-10 17:30:00,0.084
2022-10-10 18:00:00,0.047
2022-10-10 18:30:00,0.047
2022-10-10 19:00:00,0.0
2022-10-11 06:00:00,0.248
2022-10-11 06:30:00,0.323
2022-10-11 07:00:00,0.772
2022-10-11 07:30:00,1.518
2022-10-11 08:00:00,1.073
2022-10-11 08:30:00,1.428
2022-10-11 09:00:00,1.52
2022-10-11 09:30:00,1.265
2022-10-11 10:00:00,3.844
2022-10-11 10:30:00,0.983
2022-10-11 11:00:00,2.364
2022-10-11 11:30:00,3.046
2022-10-11 12:00:00,4.336
2022-10-11 12:30:00,3.965
2022-10-11 13:00:00,3.744
2022-10-11 13:30:00,3.652
2022-10-11 14:00:00,3.193
2022-10-11 14:30:00,2.783
2022-10-11 15:00:00,2.362
2022-10-11 15:30:00,1.843
2022-10-11 16:00:00,1.254
2022-10-11 16:30:00,0.533
2022-10-11 17:00:00,0.219
2022-10-11 17:30:00,0.099
2022-10-11 18:00:00,0.051
2022-10-11 18:30:00,0.048
2022-10-11 19:00:00,0.0
2022-10-12 06:00:00,0.22
2022-10-12 06:30:00,0.419
2022-10-12 07:00:00,0.959
2022-10-12 07:30:00,0.884
2022-10-12 08:00:00,2.169
2022-10-12 08:30:00,0.893
2022-10-12 09:00:00,1.459
2022-10-12 09:30:00,4.771
2022-10-12 10:00:00,3.147
2022-10-12 10:30:00,1.416
2022-10-12 11:00:00,4.268
2022-10-12 11:30:00,4.623
2022-10-12 12:00:00,4.185
2022-10-12 12:30:00,1.258
2022-10-12 13:00:00,1.39
2022-10-12 13:30:00,3.646
2022-10-12 14:00:00,3.269
2022-10-12 14:30:00,2.867
2022-10-12 15:00:00,2.323
2022-10-12 15:30:00,1.798
2022-10-12 16:00:00,0.94
2022-10-12 16:30:00,0.526
2022-10-12 17:00:00,0.201
2022-10-12 17:30:00,0.089
2022-10-12 18:00:00,0.048
2022-10-12 18:30:00,0.048
2022-10-12 19:00:00,0.0
2022-10-13 06:00:00,0.208
2022-10-13 06:30:00,0.335
2022-10-13 07:00:00,0.909
2022-10-13 07:30:00,2.108
2022-10-13 08:00:00,1.09
2022-10-13 08:30:00,3.501
2022-10-13 09:00:00,3.907
2022-10-13 09:30:00,4.308
2022-10-13 10:00:00,4.376
2022-10-13 10:30:00,3.223
2022-10-13 11:00:00,1.355
2022-10-13 11:30:00,1.21
2022-10-13 12:00:00,1.762
2022-10-13 12:30:00,1.652
2022-10-13 13:00:00,1.287
2022-10-13 13:30:00,1.923
2022-10-13 14:00:00,3.467
2022-10-13 14:30:00,3.032
2022-10-13 15:00:00,2.375
2022-10-13 15:30:00,1.834
2022-10-13 16:00:00,1.32
2022-10-13 16:30:00,0.415
2022-10-13 17:00:00,0.232
2022-10-13 17:30:00,0.106
2022-10-13 18:00:00,0.051
2022-10-13 18:30:00,0.051
2022-10-13 19:00:00,0.0
2022-10-14 06:00:00,0.228
2022-10-14 06:30:00,0.421
2022-10-14 07:00:00,0.341
2022-10-14 07:30:00,2.004
2022-10-14 08:00:00,3.29
2022-10-14 08:30:00,1.13
2022-10-14 09:00:00,1.315
2022-10-14 09:30:00,4.12
2022-10-14 10:00:00,1.218
2022-10-14 10:30:00,4.054
2022-10-14 11:00:00,2.349
2022-10-14 11:30:00,2.172
2022-10-14 12:00:00,2.197
2022-10-14 12:30:00,2.654
2022-10-14 13:00:00,1.553
2022-10-14 13:30:00,1.765
2022-10-14 14:00:00,1.907
2022-10-14 14:30:00,2.831
2022-10-14 15:00:00,2.525
2022-10-14 15:30:00,2.017
2022-10-14 16:00:00,1.301
2022-10-14 16:30:00,0.564
2022-10-14 17:00:00,0.215
2022-10-14 17:30:00,0.097
2022-10-14 18:00:00,0.049
2022-10-14 18:30:00,0.049
2022-10-14 19:00:00,0.0
2022-10-15 06:00:00,0.193
2022-10-15 06:30:00,0.992
2022-10-15 07:00:00,0.8
2022-10-15 07:30:00,1.424
2022-10-15 08:00:00,1.613
2022-10-15 08:30:00,1.43
2022-10-15 09:00:00,0.42
2022-10-15 09:30:00,0.551
2022-10-15 10:00:00,0.9
2022-10-15 10:30:00,1.566
2022-10-15 11:00:00,1.862
2022-10-15 11:30:00,4.835
2022-10-15 12:00:00,2.185
2022-10-15 12:30:00,3.207
2022-10-15 13:00:00,4.58
2022-10-15 13:30:00,2.606
2022-10-15 14:00:00,1.359
2022-10-15 14:30:00,3.465
2022-10-15 15:00:00,1.281
2022-10-15 15:30:00,0.846
2022-10-15 16:00:00,0.479
2022-10-15 16:30:00,0.669
2022-10-15 17:00:00,0.151
2022-10-15 17:30:00,0.088
2022-10-15 18:00:00,0.047
2022-10-15 18:30:00,0.047
2022-10-15 19:00:00,0.0
2022-10-16 06:00:00,0.235
2022-10-16 06:30:00,0.663
2022-10-16 07:00:00,0.982
2022-10-16 07:30:00,2.134
2022-10-16 08:00:00,2.635
2022-10-16 08:30:00,1.086
2022-10-16 09:00:00,1.267
2022-10-16 09:30:00,1.228
2022-10-16 10:00:00,1.43
2022-10-16 10:30:00,1.331
2022-10-16 11:00:00,1.857
2022-10-16 11:30:00,5.18
2022-10-16 12:00:00,2.052
2022-10-16 12:30:00,4.65
2022-10-16 13:00:00,1.614
2022-10-16 13:30:00,1.941
2022-10-16 14:00:00,1.749
2022-10-16 14:30:00,1.448
2022-10-16 15:00:00,1.151
2022-10-16 15:30:00,2.507
2022-10-16 16:00:00,0.465
2022-10-16 16:30:00,0.69
2022-10-16 17:00:00,0.149
2022-10-16 17:30:00,0.098
2022-10-16 18:00:00,0.046
2022-10-16 18:30:00,0.046
2022-10-16 19:00:00,0.0
2022-10-17 06:00:00,0.24
2022-10-17 06:30:00,0.794
2022-10-17 07:00:00,1.03
2022-10-17 07:30:00,2.279
2022-10-17 08:00:00,2.389
2022-10-17 08:30:00,3.523
2022-10-17 09:00:00,1.299
2022-10-17 09:30:00,4.943
2022-10-17 10:00:00,4.778
2022-10-17 10:30:00,0.895
2022-10-17 11:00:00,1.358
2022-10-17 11:30:00,0.602
2022-10-17 12:00:00,0.695
2022-10-17 12:30:00,4.011
2022-10-17 13:00:00,5.066
2022-10-17 13:30:00,4.046
2022-10-17 14:00:00,4.164
2022-10-17 14:30:00,2.671
2022-10-17 15:00:00,2.666
2022-10-17 15:30:00,1.944
2022-10-17 16:00:00,1.152
2022-10-17 16:30:00,0.663
2022-10-17 17:00:00,0.205
2022-10-17 17:30:00,0.083
2022-10-17 18:00:00,0.046
2022-10-17 18:30:00,0.046
2022-10-17 19:00:00,0.0
2022-10-18 06:00:00,0.293
2022-10-18 06:30:00,0.806
2022-10-18 07:00:00,0.701
2022-10-18 07:30:00,0.989
2022-10-18 08:00:00,1.176
2022-10-18 08:30:00,0.511
2022-10-18 09:00:00,2.984
2022-10-18 09:30:00,1.941
2022-10-18 10:00:00,1.376
2022-10-18 10:30:00,3.68
2022-10-18 11:00:00,2.687
2022-10-18 11:30:00,0.748
2022-10-18 12:00:00,1.166
2022-10-18 12:30:00,0.527
2022-10-18 13:00:00,1.501
2022-10-18 13:30:00,0.944
2022-10-18 14:00:00,1.023
2022-10-18 14:30:00,0.537
2022-10-18 15:00:00,0.812
2022-10-18 15:30:00,0.68
2022-10-18 16:00:00,0.543
2022-10-18 16:30:00,0.235
2022-10-18 17:00:00,0.15
2022-10-18 17:30:00,0.107
2022-10-18 18:00:00,0.048
2022-10-18 18:30:00,0.048
2022-10-18 19:00:00,0.0
2022-10-19 06:00:00,0.184
2022-10-19 06:30:00,0.36
2022-10-19 07:00:00,0.583
2022-10-19 07:30:00,0.252
2022-10-19 08:00:00,1.225
2022-10-19 08:30:00,1.176
2022-10-19 09:00:00,0.27
2022-10-19 09:30:00,1.782
2022-10-19 10:00:00,2.345
2022-10-19 10:30:00,1.316
2022-10-19 11:00:00,2.227
2022-10-19 11:30:00,2.178
2022-10-19 12:00:00,1.138
2022-10-19 12:30:00,2.601
2022-10-19 13:00:00,0.3
2022-10-19 13:30:00,0.606
2022-10-19 14:00:00,1.496
2022-10-19 14:30:00,1.062
2022-10-19 15:00:00,0.894
2022-10-19 15:30:00,0.698
2022-10-19 16:00:00,0.608
2022-10-19 16:30:00,0.239
2022-10-19 17:00:00,0.165
2022-10-19 17:30:00,0.073
2022-10-19 18:00:00,0.046
2022-10-19 18:30:00,0.046
2022-10-19 19:00:00,0.0
2022-10-20 06:00:00,0.393
2022-10-20 06:30:00,0.543
2022-10-20 07:00:00,0.782
2022-10-20 07:30:00,1.573
2022-10-20 08:00:00,2.449
2022-10-20 08:30:00,1.793
2022-10-20 09:00:00,3.925
2022-10-20 09:30:00,4.251
2022-10-20 10:00:00,5.083
2022-10-20 10:30:00,2.135
2022-10-20 11:00:00,1.273
2022-10-20 11:30:00,1.097
2022-10-20 12:00:00,1.619
2022-10-20 12:30:00,2.201
2022-10-20 13:00:00,1.862
2022-10-20 13:30:00,0.76
2022-10-20 14:00:00,0.778
2022-10-20 14:30:00,2.324
2022-10-20 15:00:00,0.937
2022-10-20 15:30:00,0.827
2022-10-20 16:00:00,0.483
2022-10-20 16:30:00,0.363
2022-10-20 17:00:00,0.152
2022-10-20 17:30:00,0.113
2022-10-20 18:00:00,0.051
2022-10-20 18:30:00,0.051
2022-10-20 19:00:00,0.0
2022-10-21 06:00:00,0.211
2022-10-21 06:30:00,0.607
2022-10-21 07:00:00,0.222
2022-10-21 07:30:00,0.448
2022-10-21 08:00:00,1.098
2022-10-21 08:30:00,0.703
2022-10-21 09:00:00,2.432
2022-10-21 09:30:00,0.867
2022-10-21 10:00:00,0.873
2022-10-21 10:30:00,0.61
2022-10-21 11:00:00,2.615
2022-10-21 11:30:00,2.201
2022-10-21 12:00:00,1.881
2022-10-21 12:30:00,1.869
2022-10-21 13:00:00,2.619
2022-10-21 13:30:00,2.011
2022-10-21 14:00:00,4.187
2022-10-21 14:30:00,3.435
2022-10-21 15:00:00,1.301
2022-10-21 15:30:00,0.849
2022-10-21 16:00:00,1.389
2022-10-21 16:30:00,0.607
2022-10-21 17:00:00,0.243
2022-10-21 17:30:00,0.082
2022-10-21 18:00:00,0.049
2022-10-21 18:30:00,0.049
2022-10-21 19:00:00,0.0
2022-10-22 06:00:00,0.293
2022-10-22 06:30:00,0.318
2022-10-22 07:00:00,1.106
2022-10-22 07:30:00,1.351
2022-10-22 08:00:00,1.3
2022-10-22 08:30:00,2.303
2022-10-22 09:00:00,1.489
2022-10-22 09:30:00,1.031
2022-10-22 10:00:00,1.402
2022-10-22 10:30:00,2.645
2022-10-22 11:00:00,2.655
2022-10-22 11:30:00,2.057
2022-10-22 12:00:00,2.439
2022-10-22 12:30:00,1.224
2022-10-22 13:00:00,2.846
2022-10-22 13:30:00,2.602
2022-10-22 14:00:00,2.049
2022-10-22 14:30:00,1.996
2022-10-22 15:00:00,2.453
2022-10-22 15:30:00,1.899
2022-10-22 16:00:00,0.493
2022-10-22 16:30:00,0.535
2022-10-22 17:00:00,0.352
2022-10-22 17:30:00,0.123
2022-10-22 18:00:00,0.049
2022-10-22 18:30:00,0.049
2022-10-22 19:00:00,0.0
2022-10-23 06:00:00,0.115
2022-10-23 06:30:00,0.141
2022-10-23 07:00:00,0.153
2022-10-23 07:30:00,0.164
2022-10-23 08:00:00,0.118
2022-10-23 08:30:00,0.144
2022-10-23 09:00:00,0.451
2022-10-23 09:30:00,0.19
2022-10-23 10:00:00,0.312
2022-10-23 10:30:00,0.466
2022-10-23 11:00:00,0.279
2022-10-23 11:30:00,0.401
2022-10-23 12:00:00,0.517
2022-10-23 12:30:00,0.659
2022-10-23 13:00:00,0.568
2022-10-23 13:30:00,0.768
2022-10-23 14:00:00,0.413
2022-10-23 14:30:00,0.568
2022-10-23 15:00:00,0.538
2022-10-23 15:30:00,0.4
2022-10-23 16:00:00,0.393
2022-10-23 16:30:00,0.262
2022-10-23 17:00:00,0.122
2022-10-23 17:30:00,0.072
2022-10-23 18:00:00,0.049
2022-10-23 18:30:00,0.047
2022-10-23 19:00:00,0.0
2022-10-24 06:00:00,0.115
2022-10-24 06:30:00,0.156
2022-10-24 07:00:00,0.402
2022-10-24 07:30:00,0.386
2022-10-24 08:00:00,1.337
2022-10-24 08:30:00,1.381
2022-10-24 09:00:00,1.212
2022-10-24 09:30:00,0.733
2022-10-24 10:00:00,0.766
2022-10-24 10:30:00,0.76
2022-10-24 11:00:00,2.137
2022-10-24 11:30:00,0.927
2022-10-24 12:00:00,0.198
2022-10-24 12:30:00,0.242
2022-10-24 13:00:00,0.195
2022-10-24 13:30:00,0.522
2022-10-24 14:00:00,0.613
2022-10-24 14:30:00,0.419
2022-10-24 15:00:00,0.701
2022-10-24 15:30:00,0.768
2022-10-24 16:00:00,0.377
2022-10-24 16:30:00,0.373
2022-10-24 17:00:00,0.17
2022-10-24 17:30:00,0.056
2022-10-24 18:00:00,0.046
2022-10-24 18:30:00,0.047
2022-10-24 19:00:00,0.0
2022-10-25 06:00:00,0.43
2022-10-25 06:30:00,0.311
2022-10-25 07:00:00,1.027
2022-10-25 07:30:00,2.901
2022-10-25 08:00:00,0.755
2022-10-25 08:30:00,1.695
2022-10-25 09:00:00,0.812
2022-10-25 09:30:00,4.636
2022-10-25 10:00:00,1.648
2022-10-25 10:30:00,1.799
2022-10-25 11:00:00,4.519
2022-10-25 11:30:00,4.597
2022-10-25 12:00:00,4.581
2022-10-25 12:30:00,0.869
2022-10-25 13:00:00,0.288
2022-10-25 13:30:00,1.919
2022-10-25 14:00:00,3.548
2022-10-25 14:30:00,3.135
2022-10-25 15:00:00,0.753
2022-10-25 15:30:00,0.338
2022-10-25 16:00:00,0.167
2022-10-25 16:30:00,0.116
2022-10-25 17:00:00,0.084
2022-10-25 17:30:00,0.056
2022-10-25 18:00:00,0.046
2022-10-25 18:30:00,0.047
2022-10-25 19:00:00,0.0
2022-10-26 06:00:00,0.176
2022-10-26 06:30:00,0.548
2022-10-26 07:00:00,1.398
2022-10-26 07:30:00,1.762
2022-10-26 08:00:00,1.184
2022-10-26 08:30:00,1.881
2022-10-26 09:00:00,1.692
2022-10-26 09:30:00,0.825
2022-10-26 10:00:00,1.733
2022-10-26 10:30:00,3.612
2022-10-26 11:00:00,2.866
2022-10-26 11:30:00,1.373
2022-10-26 12:00:00,0.55
2022-10-26 12:30:00,4.638
2022-10-26 13:00:00,1.74
2022-10-26 13:30:00,3.296
2022-10-26 14:00:00,4.045
2022-10-26 14:30:00,2.655
2022-10-26 15:00:00,2.574
2022-10-26 15:30:00,1.024
2022-10-26 16:00:00,0.669
2022-10-26 16:30:00,0.3
2022-10-26 17:00:00,0.194
2022-10-26 17:30:00,0.103
2022-10-26 18:00:00,0.051
2022-10-26 18:30:00,0.05
2022-10-26 19:00:00,0.0
2022-10-27 06:00:00,0.214
2022-10-27 06:30:00,0.299
2022-10-27 07:00:00,1.029
2022-10-27 07:30:00,2.217
2022-10-27 08:00:00,3.27
2022-10-27 08:30:00,3.395
2022-10-27 09:00:00,1.277
2022-10-27 09:30:00,4.133
2022-10-27 10:00:00,4.239
2022-10-27 10:30:00,4.573
2022-10-27 11:00:00,4.456
2022-10-27 11:30:00,4.235
2022-10-27 12:00:00,4.187
2022-10-27 12:30:00,4.165
2022-10-27 13:00:00,4.547
2022-10-27 13:30:00,0.85
2022-10-27 14:00:00,0.785
2022-10-27 14:30:00,3.117
2022-10-27 15:00:00,2.571
2022-10-27 15:30:00,1.799
2022-10-27 16:00:00,1.335
2022-10-27 16:30:00,0.337
2022-10-27 17:00:00,0.195
2022-10-27 17:30:00,0.115
2022-10-27 18:00:00,0.051
2022-10-27 18:30:00,0.05
2022-10-27 19:00:00,0.0
2022-10-28 06:00:00,0.206
2022-10-28 06:30:00,0.425
2022-10-28 07:00:00,0.733
2022-10-28 07:30:00,2.567
2022-10-28 08:00:00,2.273
2022-10-28 08:30:00,3.74
2022-10-28 09:00:00,3.978
2022-10-28 09:30:00,1.444
2022-10-28 10:00:00,4.724
2022-10-28 10:30:00,4.399
2022-10-28 11:00:00,4.823
2022-10-28 11:30:00,4.384
2022-10-28 12:00:00,4.313
2022-10-28 12:30:00,4.288
2022-10-28 13:00:00,3.406
2022-10-28 13:30:00,2.706
2022-10-28 14:00:00,3.178
2022-10-28 14:30:00,3.045
2022-10-28 15:00:00,2.334
2022-10-28 15:30:00,1.698
2022-10-28 16:00:00,1.052
2022-10-28 16:30:00,0.299
2022-10-28 17:00:00,0.24
2022-10-28 17:30:00,0.102
2022-10-28 18:00:00,0.045
2022-10-28 18:30:00,0.045
2022-10-28 19:00:00,0.0
2022-10-29 06:00:00,0.238
2022-10-29 06:30:00,0.295
2022-10-29 07:00:00,1.119
2022-10-29 07:30:00,1.2
2022-10-29 08:00:00,3.023
2022-10-29 08:30:00,3.525
2022-10-29 09:00:00,2.9
2022-10-29 09:30:00,4.231
2022-10-29 10:00:00,4.607
2022-10-29 10:30:00,0.999
2022-10-29 11:00:00,4.724
2022-10-29 11:30:00,4.944
2022-10-29 12:00:00,4.576
2022-10-29 12:30:00,1.425
2022-10-29 13:00:00,4.779
2022-10-29 13:30:00,3.882
2022-10-29 14:00:00,3.659
2022-10-29 14:30:00,3.119
2022-10-29 15:00:00,2.512
2022-10-29 15:30:00,1.612
2022-10-29 16:00:00,1.142
2022-10-29 16:30:00,0.448
2022-10-29 17:00:00,0.271
2022-10-29 17:30:00,0.117
2022-10-29 18:00:00,0.047
2022-10-29 18:30:00,0.047
2022-10-29 19:00:00,0.0
2022-10-30 06:00:00,0.25
2022-10-30 06:30:00,0.638
2022-10-30 07:00:00,1.309
2022-10-30 07:30:00,0.797
2022-10-30 08:00:00,1.153
2022-10-30 08:30:00,1.337
2022-10-30 09:00:00,0.683
2022-10-30 09:30:00,1.795
2022-10-30 10:00:00,1.235
2022-10-30 10:30:00,1.368
2022-10-30 11:00:00,2.339
2022-10-30 11:30:00,3.813
2022-10-30 12:00:00,2.209
2022-10-30 12:30:00,1.036
2022-10-30 13:00:00,2.007
2022-10-30 13:30:00,1.187
2022-10-30 14:00:00,1.763
2022-10-30 14:30:00,1.165
2022-10-30 15:00:00,3.327
2022-10-30 15:30:00,0.94
2022-10-30 16:00:00,0.345
2022-10-30 16:30:00,0.422
2022-10-30 17:00:00,0.29
2022-10-30 17:30:00,0.114
2022-10-30 18:00:00,0.048
2022-10-30 18:30:00,0.048
2022-10-30 19:00:00,0.0
2022-10-31 06:00:00,0.456
2022-10-31 06:30:00,0.551
2022-10-31 07:00:00,0.607
2022-10-31 07:30:00,0.585
2022-10-31 08:00:00,0.712
2022-10-31 08:30:00,0.851
2022-10-31 09:00:00,1.069
2022-10-31 09:30:00,1.072
2022-10-31 10:00:00,1.136
2022-10-31 10:30:00,1.158
2022-10-31 11:00:00,0.734
2022-10-31 11:30:00,0.74
2022-10-31 12:00:00,1.347
2022-10-31 12:30:00,2.119
2022-10-31 13:00:00,1.558
2022-10-31 13:30:00,1.168
2022-10-31 14:00:00,1.885
2022-10-31 14:30:00,0.945
2022-10-31 15:00:00,1.772
2022-10-31 15:30:00,0.866
2022-10-31 16:00:00,0.767
2022-10-31 16:30:00,0.517
2022-10-31 17:00:00,0.363
2022-10-31 17:30:00,0.136
2022-10-31 18:00:00,0.046
2022-10-31 18:30:00,0.0
2022-10-31 19:00:00,0.0
