,Generation(kWh),GHI_sum,DNI_sum,DHI_sum,Temperature_mean,Temperature_max,Relative Humidity_mean,Wind Speed_mean,Cloud Type_mean,sin_day,cos_day
2024-01-01,202.3,2130,243,2014,26.104166666666668,29.5,86.24208333333333,0.0,6.0,0.01716632975470737,0.9998526477050269
2024-01-02,235.4,2130,52,2103,26.2375,29.3,86.61416666666668,0.0,6.083333333333333,0.034327600513243496,0.9994106342455052
2024-01-03,337.4,4117,725,3606,26.808333333333334,30.700000000000003,86.56166666666667,0.0,6.0,0.05147875477034653,0.9986740898848305
2024-01-04,269.9,5578,3180,2784,27.1125,29.9,91.93291666666666,0.0,6.458333333333333,0.06861473800213404,0.9976432316860063
2024-01-05,307.1,4240,2172,2554,26.504166666666666,29.6,94.03333333333335,0.0,7.25,0.08573050015569435,0.9963183634476755
2024-01-06,468.3,6016,4990,2589,26.641666666666666,30.3,85.57,0.0,3.875,0.1028209971373604,0.9946998756145891
2024-01-07,126.3,5582,4431,3127,26.662499999999998,30.0,84.73791666666666,0.0,3.3333333333333335,0.11988119229922722,0.99278824516254
2024-01-08,370.0,4429,1267,3439,26.962500000000002,30.9,86.93875000000001,0.0,4.708333333333333,0.13690605792347524,0.990584035457797
2024-01-09,444.9,5803,3630,2860,26.541666666666668,28.9,91.28208333333333,0.0,5.958333333333333,0.15389057670406178,0.9880878960910772
2024-01-10,514.1,8512,10121,1241,26.895833333333332,30.8,82.74625,0.0,1.8333333333333333,0.17082974322534417,0.985300562686109
2024-01-11,535.7,8079,9226,1943,26.775000000000002,30.9,79.59958333333333,0.0,0.8333333333333334,0.1877185654371987,0.9822228566828407
2024-01-12,526.1,7848,8770,2019,27.262500000000003,31.8,79.22666666666667,0.0,1.1666666666666667,0.2045520661262008,0.9788556850953578
2024-01-13,498.0,7371,7226,2476,27.520833333333332,31.9,75.94458333333334,0.0,2.75,0.22132528438243257,0.9752000402445825
2024-01-14,578.2,8477,10035,1185,27.8625,32.5,75.08666666666666,0.0,1.125,0.2380332770614856,0.9712569994658314
2024-01-15,521.0,7867,8968,1494,28.037499999999998,32.7,74.51916666666666,0.0,2.0,0.2546711202412287,0.9670277247913204
2024-01-16,513.8,7953,9005,1742,28.141666666666666,32.300000000000004,73.93083333333333,0.0,0.9583333333333334,0.27123391067291003,0.9625134626077081
2024-01-17,593.8,8717,10560,1199,27.470833333333335,32.0,70.22625000000001,0.0,0.08333333333333333,0.287716767226167,0.9577155432887803
2024-01-18,496.8,7151,6944,2794,27.545833333333334,32.2,72.63125000000001,0.0,0.875,0.30411483232751785,0.9526353808033826
2024-01-19,530.5,7857,8151,1800,28.295833333333334,33.2,73.29,0.0,3.1666666666666665,0.3204232733919111,0.9472744722987169
2024-01-20,550.8,7548,7228,2188,28.712500000000002,33.7,76.14833333333333,0.0,2.3333333333333335,0.33663728424691025,0.9416343976591259
2024-01-21,401.2,6221,4094,2874,27.829166666666666,31.3,87.4175,0.0,5.583333333333333,0.3527520865490948,0.9357168190404936
2024-01-22,105.8,6248,3624,3205,27.21666666666667,31.0,86.27958333333333,0.0,5.458333333333333,0.3687629311922601,0.9295234803804003
2024-01-23,301.2,4704,2139,3454,25.974999999999998,28.700000000000003,88.86125,0.0,5.916666666666667,0.3846650997070012,0.9230562068841761
2024-01-24,215.2,3025,430,2760,25.641666666666666,28.3,92.97625,0.0,5.958333333333333,0.40045390565126643,0.9163169044870048
2024-01-25,269.3,4071,1258,3086,25.8,27.8,94.57875,0.0,6.416666666666667,0.41612469599147445,0.9093075592922358
2024-01-26,218.5,3320,790,2678,26.46666666666667,29.200000000000003,90.76958333333333,0.0,6.791666666666667,0.43167285247378384,0.9020302369860707
2024-01-27,313.4,4141,1010,3283,26.033333333333335,28.4,93.21291666666667,0.0,6.791666666666667,0.44709379298511387,0.8944870822287956
2024-01-28,143.9,2289,152,2145,26.700000000000003,29.1,93.59333333333332,0.0,6.583333333333333,0.4623829729035149,0.88668031802274
2024-01-29,329.6,5947,5065,2107,26.575000000000003,29.4,92.27083333333333,0.0,5.208333333333333,0.47753588643748823,0.8786122450571483
2024-01-30,470.6,5712,3223,3361,26.175,28.4,92.77958333333333,0.0,6.625,0.4925480679538643,0.8702852410301553
2024-01-31,376.1,5352,2733,3111,26.183333333333334,28.6,93.93416666666667,0.0,7.083333333333333,0.5074150932938455,0.8617017599480682
2024-02-01,537.6,7393,7234,2020,26.30416666666667,29.0,89.60833333333333,0.0,3.3333333333333335,0.5221325810768248,0.8528643314021597
2024-02-02,377.3,5410,3087,3222,26.679166666666664,30.200000000000003,85.96833333333332,0.0,5.5,0.5366961939916004,0.8437755598231856
2024-02-03,440.1,6282,6334,2516,27.137500000000003,30.700000000000003,84.50708333333334,0.0,3.0833333333333335,0.5511016400746002,0.8344381237138473
2024-02-04,483.5,6639,5393,2888,26.962500000000002,30.700000000000003,83.35541666666667,0.0,3.7083333333333335,0.5653446739747429,0.8248547748594244
2024-02-05,367.9,4778,3195,3068,27.054166666666664,31.0,83.44875,0.0,5.958333333333333,0.5794210982045637,0.8150283375168114
2024-02-06,315.4,4282,1792,2952,26.90416666666667,29.9,85.88166666666666,0.0,6.958333333333333,0.593326764377232,0.8049617075821959
2024-02-07,452.5,5663,3616,2981,27.3,31.3,83.27416666666666,0.0,6.708333333333333,0.6070575744291002,0.7946578517376252
2024-02-08,266.8,3868,706,3317,26.645833333333332,29.4,85.96375,0.0,6.708333333333333,0.6206094818274227,0.7841198065767104
2024-02-09,489.0,7700,7941,1696,26.75,30.9,78.24958333333333,0.0,1.3333333333333333,0.6339784927628866,0.7733506777097299
2024-02-10,301.8,4033,1601,2774,26.150000000000002,29.8,83.13916666666667,0.0,2.875,0.647160667326606,0.7623536388483904
2024-02-11,387.7,6516,5639,2525,26.7375,30.3,85.09041666666667,0.0,2.5416666666666665,0.6601521206712317,0.7511319308705199
2024-02-12,486.8,8170,9925,1122,27.183333333333334,31.1,83.16875,0.0,0.875,0.6729490241558329,0.7396888608649668
2024-02-13,532.3,7793,8997,1650,27.599999999999998,31.8,80.83416666666666,0.0,0.625,0.6855476064742154,0.7280278011569848
2024-02-14,499.3,6798,6392,2282,27.974999999999998,33.1,78.69291666666668,0.0,4.833333333333333,0.6979441547663435,0.7161521883143933
2024-02-15,336.8,4726,2515,2957,27.420833333333334,31.6,85.25625000000001,0.0,5.833333333333333,0.7101350157125358,0.7040655221348057
2024-02-16,250.3,2283,504,1808,26.704166666666666,29.8,91.12458333333335,0.0,5.541666666666667,0.7221165966101162,0.6917713646142218
2024-02-17,385.6,5218,3147,3241,26.275000000000002,29.200000000000003,89.2625,0.0,4.333333333333333,0.733885366432199,0.6792733388972931
2024-02-18,247.6,3623,743,2986,25.212500000000002,26.8,93.83375000000001,0.0,6.416666666666667,0.7454378568683001,0.6665751282095632
2024-02-19,467.9,6761,6444,2153,27.295833333333334,31.4,89.71249999999999,0.0,5.666666666666667,0.7567706633464626,0.653680474772006
2024-02-20,218.2,3621,841,2912,26.079166666666666,27.8,95.91583333333334,0.0,6.458333333333333,0.7678804460366,0.6405931786981751
2024-02-21,224.0,3184,912,2413,26.349999999999998,29.1,93.68166666666667,0.0,6.791666666666667,0.7787639308347607,0.6273170968742937
2024-02-22,321.8,4001,1407,2904,26.325,27.9,96.43958333333335,0.0,6.708333333333333,0.7894179103280197,0.613856141822612
2024-02-23,322.4,4174,1740,3098,27.0625,30.200000000000003,91.25375000000001,0.0,5.458333333333333,0.7998392447397193,0.6002142805483682
2024-02-24,512.2,7922,9436,1109,26.558333333333334,30.0,87.54791666666667,0.0,1.25,0.8100248628547753,0.5863955333706956
2024-02-25,488.6,7477,8665,1522,26.4375,30.5,85.77166666666666,0.0,0.875,0.8199717629247771,0.5724039727378148
2024-02-26,523.4,7878,9805,1028,26.662499999999998,30.1,86.68333333333334,0.0,0.5833333333333334,0.8296770135526188,0.5582437220268648
2024-02-27,464.3,7518,9129,1156,26.945833333333336,30.8,83.44875,0.0,0.25,0.8391377545563938,0.5439189543287247
2024-02-28,548.6,7819,9729,997,28.15416666666667,33.300000000000004,82.99208333333333,0.0,0.5416666666666666,0.8483511978123038,0.5294338912181853
2024-02-29,347.8,6115,5922,1544,28.358333333333334,33.4,84.97166666666666,0.0,4.208333333333333,0.8573146280763322,0.5147928015098309
2024-03-01,456.6,6677,6376,1818,28.75,33.2,84.72583333333334,0.0,4.833333333333333,0.8660254037844386,0.5000000000000001
2024-03-02,374.03333333333336,5113,2464,3192,26.233333333333334,27.700000000000003,91.95791666666668,0.0,6.333333333333333,0.8744809578310397,0.4850598461951962
2024-03-03,291.4666666666667,5706,3959,2933,25.8625,29.200000000000003,83.36375,0.0,2.9166666666666665,0.8826787983255474,0.46997674302731995
2024-03-04,208.9,5283,3988,2110,26.266666666666666,29.200000000000003,83.73875,0.0,6.291666666666667,0.8906165093267404,0.4547551355561058
2024-03-05,368.7,5268,3657,2230,27.366666666666664,31.1,89.60000000000001,0.0,5.875,0.8982917515547528,0.4393995096591417
2024-03-06,366.65,7401,8056,1187,27.595833333333335,31.8,86.42416666666666,0.0,3.9166666666666665,0.9057022630804714,0.42391439070986076
2024-03-07,364.6,5835,4530,2458,27.525000000000002,31.3,88.30208333333333,0.0,3.375,0.9128458599921356,0.40830434224389334
2024-03-08,308.2,6254,5333,2003,27.262500000000003,30.9,86.24958333333335,0.0,2.875,0.9197204370389467,0.3925739646141717
2024-03-09,479.3,7434,9161,1066,26.8,30.6,84.895,0.0,1.25,0.926323968251495,0.3767278936351851
2024-03-10,447.5,5674,4801,2037,27.925,32.2,84.38416666666667,0.0,5.5,0.9326545075388224,0.36077079921678346
2024-03-11,267.0,3623,1448,2421,27.195833333333336,29.9,90.06958333333334,0.0,4.791666666666667,0.9387101892619443,0.3447073839879338
2024-03-12,436.7,6184,5768,1841,26.412499999999998,28.9,88.1925,0.0,1.8333333333333333,0.9444892287836613,0.32854238191083485
2024-03-13,343.7,4679,3022,3274,26.345833333333335,29.8,85.4825,0.0,1.875,0.949989922994501,0.3122805568857947
2024-03-14,434.5,7036,8226,1410,27.200000000000003,31.4,84.33833333333334,0.0,0.9583333333333334,0.9552106508146316,0.2959267013472893
2024-03-15,472.4,7340,9139,1025,27.15833333333333,31.4,86.02999999999999,0.0,0.75,0.9601498736716018,0.2794856348516095
2024-03-16,468.7,7142,8553,1171,27.6875,32.300000000000004,83.61166666666666,0.0,0.625,0.9648061359537645,0.2629622026565149
2024-03-17,501.2,7181,8765,1111,28.712500000000002,33.800000000000004,83.74416666666667,0.0,0.75,0.9691780654392536,0.2463612742933148
2024-03-18,431.9,6666,7786,1451,28.483333333333334,32.5,84.9775,0.0,1.2083333333333333,0.9732643737003824,0.22968774213179574
2024-03-19,380.7,6934,8191,1275,28.025000000000002,31.9,81.84333333333333,0.0,1.625,0.9770638564833508,0.21294651993841582
2024-03-20,388.7,6494,8025,1135,27.958333333333332,31.8,80.95583333333333,0.0,2.0833333333333335,0.9805753940631429,0.19614254142819698
2024-03-21,396.8,7043,8687,1091,28.229166666666668,32.2,82.38583333333334,0.0,0.25,0.9837979515735163,0.17928075881073577
2024-03-22,239.1,5866,5287,2429,28.27916666666667,32.2,85.77125000000001,0.0,3.9583333333333335,0.9867305793119814,0.162366141330764
2024-03-23,231.2,2186,864,1768,26.879166666666666,28.9,92.27458333333334,0.0,5.958333333333333,0.989372413019683,0.14540367380368976
2024-03-24,223.3,6994,9078,919,26.733333333333334,29.700000000000003,86.45708333333334,0.0,1.0,0.9917226741361015,0.12839835514655099
2024-03-25,394.5,6132,6493,1830,26.754166666666666,30.5,85.69833333333334,0.0,3.4166666666666665,0.9937806700284985,0.11135519690480875
2024-03-26,377.3,5895,5083,1995,27.420833333333334,31.200000000000003,86.87,0.0,4.208333333333333,0.9955457941960382,0.09427922177542453
2024-03-27,394.0,5451,5009,2031,26.84583333333333,30.1,87.195,0.0,3.6666666666666665,0.9970175264485267,0.07717546212664653
2024-03-28,449.6,5781,5916,1813,27.358333333333334,31.3,83.62833333333333,0.0,3.0,0.998195433059714,0.0600489585149486
2024-03-29,369.8,5182,4672,2324,27.77916666666667,31.3,83.7025,0.0,3.2083333333333335,0.9990791668951153,0.042904758199554374
2024-03-30,444.5,6055,6277,1744,27.90833333333333,31.6,86.5625,0.0,3.8333333333333335,0.999668467514313,0.025747913654988658
2024-03-31,421.2,6136,6484,1360,27.266666666666666,30.9,85.62124999999999,0.0,3.8333333333333335,0.9999631612477099,0.008583481082087055
2024-04-01,448.5,6214,6990,1741,26.454166666666666,30.3,82.57833333333333,0.0,2.0,0.9999631612477099,-0.008583481082086933
2024-04-02,266.9,4957,3935,2522,27.391666666666666,31.6,79.97958333333334,0.0,3.7916666666666665,0.9996684675143132,-0.025747913654988314
2024-04-03,275.6,3746,1755,2485,27.1125,30.700000000000003,89.55166666666666,0.0,6.583333333333333,0.9990791668951153,-0.04290475819955447
2024-04-04,161.0,6469,8029,1183,27.395833333333332,30.8,83.465,0.0,1.1666666666666667,0.998195433059714,-0.06004895851494825
2024-04-05,314.8,5609,5946,2039,27.05,31.200000000000003,81.79666666666667,0.0,1.7083333333333333,0.9970175264485267,-0.07717546212664618
2024-04-06,447.9,6717,8824,1000,26.133333333333336,30.0,77.48125,0.0,0.8333333333333334,0.9955457941960382,-0.0942792217754244
2024-04-07,413.4,6435,8130,1221,26.183333333333334,29.700000000000003,77.49458333333334,0.0,0.3333333333333333,0.9937806700284985,-0.11135519690480862
2024-04-08,387.0,5295,4929,2059,26.55,30.700000000000003,78.9525,0.0,1.9583333333333333,0.9917226741361015,-0.12839835514655107
2024-04-09,381.7,5721,6473,1572,27.295833333333334,31.700000000000003,77.94333333333333,0.0,3.5,0.9893724130196829,-0.14540367380368988
2024-04-10,383.4,5653,5930,1767,27.724999999999998,32.0,78.80333333333333,0.0,2.0833333333333335,0.9867305793119814,-0.16236614133076366
2024-04-11,406.8,6334,8420,909,27.59583333333333,31.9,81.68166666666666,0.0,1.4583333333333333,0.9837979515735163,-0.17928075881073566
2024-04-12,318.6,4161,2161,2900,26.75,30.4,84.62708333333333,0.0,2.5833333333333335,0.980575394063143,-0.19614254142819687
2024-04-13,376.5,5739,6996,1248,26.375,29.700000000000003,81.20583333333333,0.0,1.375,0.9770638564833507,-0.21294651993841593
2024-04-14,421.6,5622,6190,1623,26.450000000000003,30.200000000000003,80.59833333333334,0.0,0.75,0.9732643737003824,-0.22968774213179563
2024-04-15,387.0,5626,6467,1533,26.379166666666666,30.0,78.67708333333333,0.0,1.2083333333333333,0.9691780654392537,-0.2463612742933147
2024-04-16,265.0,6036,7636,1119,26.191666666666666,29.700000000000003,75.68041666666666,0.0,0.7916666666666666,0.9648061359537646,-0.26296220265651454
2024-04-17,398.8,5290,6151,1748,26.566666666666666,30.6,73.78458333333333,0.0,1.0416666666666667,0.9601498736716018,-0.2794856348516094
2024-04-18,331.3,5182,5226,1639,26.820833333333336,31.4,79.10000000000001,0.0,2.375,0.9552106508146317,-0.2959267013472892
2024-04-19,215.3,2457,508,2089,24.099999999999998,25.9,88.24291666666666,0.0,4.333333333333333,0.949989922994501,-0.31228055688579476
2024-04-20,327.5,4224,3482,2327,24.78333333333333,28.200000000000003,81.34833333333334,0.0,1.5,0.9444892287836613,-0.32854238191083474
2024-04-21,345.0,4183,2895,2636,24.6125,28.4,81.84125,0.0,1.75,0.9387101892619443,-0.3447073839879337
2024-04-22,229.9,3797,3182,1669,25.616666666666664,29.200000000000003,89.15916666666668,0.0,1.5833333333333333,0.9326545075388225,-0.3607707992167831
2024-04-23,327.5,5564,7250,1016,26.40833333333333,30.4,84.73375,0.0,0.5,0.926323968251495,-0.376727893635185
2024-04-24,367.1,5879,8113,865,26.870833333333334,31.700000000000003,81.92791666666666,0.0,0.25,0.9197204370389467,-0.39257396461417177
2024-04-25,384.2,4988,4883,2020,26.633333333333336,31.0,84.83875,0.0,1.9583333333333333,0.9128458599921355,-0.40830434224389345
2024-04-26,182.1,3123,2354,1866,25.912499999999998,29.8,88.235,0.0,1.8333333333333333,0.9057022630804715,-0.42391439070986064
2024-04-27,376.2,5013,5786,1285,25.175,28.8,77.75416666666666,0.0,0.5416666666666666,0.898291751554753,-0.43939950965914143
2024-04-28,411.2,5799,8185,838,25.950000000000003,31.3,77.35958333333333,0.0,0.08333333333333333,0.8906165093267405,-0.4547551355561055
2024-04-29,395.4,5699,7997,847,26.895833333333332,31.9,82.72333333333334,0.0,0.20833333333333334,0.8826787983255476,-0.4699767430273197
2024-04-30,352.6,5425,7367,1165,26.42916666666667,30.6,79.40791666666667,0.0,0.5833333333333334,0.8744809578310397,-0.4850598461951961
2024-05-01,336.3,5176,6614,1169,26.254166666666666,31.3,78.27625,0.0,0.5416666666666666,0.8660254037844387,-0.4999999999999998
2024-05-02,356.6,5459,7461,1129,26.55,31.700000000000003,80.47083333333333,0.0,0.25,0.8573146280763323,-0.5147928015098308
2024-05-03,393.4,5693,8199,819,27.099999999999998,32.6,80.84208333333333,0.0,0.041666666666666664,0.848351197812304,-0.5294338912181852
2024-05-04,382.7,5640,8023,858,26.72083333333333,30.6,80.65125,0.0,0.5,0.8391377545563939,-0.5439189543287246
2024-05-05,333.3,5096,6536,1162,26.470833333333335,30.1,84.90083333333332,0.0,1.5833333333333333,0.8296770135526188,-0.5582437220268649
2024-05-06,334.9,5377,6852,1153,26.766666666666666,30.200000000000003,79.95083333333334,0.0,1.0833333333333333,0.8199717629247771,-0.5724039727378148
2024-05-07,247.8,3618,2612,2227,26.845833333333335,30.8,81.23,0.0,1.7083333333333333,0.8100248628547752,-0.5863955333706956
2024-05-08,307.3,4353,5296,1674,26.712500000000002,30.6,83.41708333333334,0.0,1.125,0.7998392447397195,-0.600214280548368
2024-05-09,229.4,3908,4156,1567,26.733333333333334,30.5,84.39833333333333,0.0,1.25,0.7894179103280199,-0.6138561418226116
2024-05-10,293.9,3954,2899,2195,26.90416666666667,30.8,82.12583333333333,0.0,2.4583333333333335,0.7787639308347607,-0.6273170968742938
2024-05-11,358.2,5102,6860,933,27.2375,31.700000000000003,76.75541666666668,0.0,0.5833333333333334,0.7678804460366001,-0.6405931786981751
2024-05-12,357.9,5290,7662,878,27.254166666666666,32.6,76.06875000000001,0.0,0.4166666666666667,0.7567706633464627,-0.6536804747720057
2024-05-13,156.4,5329,7845,801,27.587500000000002,33.6,76.40625,0.0,0.16666666666666666,0.7454378568683001,-0.6665751282095632
2024-05-14,368.3,5386,7937,806,27.400000000000002,33.9,75.09291666666667,0.0,0.20833333333333334,0.7338853664321991,-0.6792733388972931
2024-05-15,337.4,5047,6570,1173,27.02916666666667,30.5,81.19083333333333,0.0,1.0416666666666667,0.722116596610116,-0.6917713646142222
2024-05-16,307.7,4560,5276,1768,26.816666666666666,30.6,79.45916666666666,0.0,1.0416666666666667,0.7101350157125358,-0.7040655221348058
2024-05-17,328.2,4922,7032,817,26.829166666666666,31.3,81.34875000000001,0.0,1.0,0.6979441547663435,-0.7161521883143933
2024-05-18,307.2,4735,7122,739,26.3625,31.1,78.8225,0.0,0.375,0.6855476064742155,-0.7280278011569847
2024-05-19,326.9,5159,7571,859,26.245833333333334,31.3,77.23333333333333,0.0,0.25,0.672949024155833,-0.7396888608649667
2024-05-20,336.5,4913,6965,1010,26.099999999999998,30.4,71.73291666666667,0.0,0.16666666666666666,0.660152120671232,-0.7511319308705197
2024-05-21,342.8,5172,7831,783,25.6125,29.700000000000003,76.42666666666666,0.0,0.20833333333333334,0.647160667326606,-0.7623536388483902
2024-05-22,288.3,4826,7018,1071,25.758333333333336,29.8,75.13625,0.0,0.2916666666666667,0.6339784927628868,-0.7733506777097298
2024-05-23,228.0,2892,2366,1919,25.583333333333332,29.9,75.25416666666666,0.0,1.1666666666666667,0.620609481827423,-0.7841198065767103
2024-05-24,334.9,5127,7785,809,25.712500000000002,30.700000000000003,68.49666666666667,0.0,0.16666666666666666,0.6070575744291006,-0.7946578517376249
2024-05-25,329.1,4424,4757,1412,25.837500000000002,31.4,72.82125,0.0,2.7916666666666665,0.593326764377232,-0.8049617075821959
2024-05-26,223.1,3133,2198,1918,25.395833333333332,28.700000000000003,84.1675,0.0,1.4166666666666667,0.5794210982045638,-0.8150283375168113
2024-05-27,203.7,4540,5596,1164,25.2375,29.200000000000003,82.74458333333332,0.0,1.5416666666666667,0.5653446739747428,-0.8248547748594245
2024-05-28,301.4,4386,5989,1106,25.933333333333334,30.3,79.12541666666667,0.0,1.375,0.5511016400746,-0.8344381237138473
2024-05-29,274.1,4194,4719,1545,25.579166666666666,30.4,82.04833333333333,0.0,4.125,0.5366961939916005,-0.8437755598231856
2024-05-30,301.4,4421,5043,1192,23.837500000000002,26.6,78.83583333333333,0.0,1.4583333333333333,0.522132581076825,-0.8528643314021596
2024-05-31,355.1,4816,6681,964,23.416666666666668,26.700000000000003,73.11083333333333,0.0,0.75,0.5074150932938458,-0.861701759948068
2024-06-01,231.4,2945,2745,1600,23.729166666666668,27.3,76.16166666666668,0.0,1.875,0.4925480679538644,-0.8702852410301553
2024-06-02,283.6,3102,3018,1690,24.370833333333334,28.1,69.20291666666667,0.0,0.9166666666666666,0.47753588643748834,-0.8786122450571482
2024-06-03,267.2,3860,4492,1351,24.208333333333332,27.700000000000003,82.99791666666667,0.0,1.3333333333333333,0.4623829729035151,-0.8866803180227399
2024-06-04,329.1,4515,5952,1111,24.3,28.5,87.185,0.0,2.2083333333333335,0.44709379298511426,-0.8944870822287954
2024-06-05,233.0,3431,3472,1698,23.829166666666666,27.1,87.92375,0.0,1.4166666666666667,0.43167285247378384,-0.9020302369860707
2024-06-06,255.3,2910,2374,1674,24.191666666666666,28.0,86.555,0.0,2.0416666666666665,0.4161246959914746,-0.9093075592922357
2024-06-07,321.6,4449,6377,992,24.416666666666668,28.0,83.41125,0.0,0.20833333333333334,0.4004539056512664,-0.9163169044870048
2024-06-08,176.8,2549,1621,1684,23.9875,27.6,81.60166666666667,0.0,1.75,0.3846650997070012,-0.923056206884176
2024-06-09,301.1,3844,3615,1917,23.74166666666667,27.6,79.24625,0.0,4.166666666666667,0.3687629311922603,-0.9295234803804002
2024-06-10,317.8,4907,7695,771,23.970833333333335,28.8,76.26333333333334,0.0,0.125,0.352752086549095,-0.9357168190404935
2024-06-11,284.6,4910,7786,749,23.537499999999998,28.6,78.99249999999999,0.0,0.08333333333333333,0.3366372842469106,-0.9416343976591258
2024-06-12,238.6,4950,7934,727,23.666666666666668,27.9,72.16375000000001,0.0,0.16666666666666666,0.3204232733919116,-0.9472744722987168
2024-06-13,118.0,2440,1654,1464,24.4875,28.6,73.55499999999999,0.0,1.5416666666666667,0.30411483232751846,-0.9526353808033824
2024-06-14,315.5,4348,5946,1332,24.120833333333334,28.5,68.67125,0.0,0.375,0.2877167672261668,-0.9577155432887804
2024-06-15,315.1,4173,4874,1436,24.733333333333334,29.1,76.14666666666666,0.0,1.375,0.27123391067291,-0.9625134626077081
2024-06-16,243.7,3868,4686,1309,24.416666666666668,28.6,78.89874999999999,0.0,1.2916666666666667,0.2546711202412288,-0.9670277247913204
2024-06-17,156.6,3627,4153,1339,24.145833333333332,28.700000000000003,79.74,0.0,1.2083333333333333,0.2380332770614858,-0.9712569994658313
2024-06-18,183.0,2369,920,1815,24.316666666666666,28.1,86.17458333333333,0.0,1.7083333333333333,0.22132528438243243,-0.9752000402445825
2024-06-19,255.5,3448,3584,1842,24.645833333333332,29.4,82.44875,0.0,1.2083333333333333,0.2045520661262008,-0.9788556850953578
2024-06-20,162.9,4602,6394,996,24.462500000000002,28.9,79.78041666666667,0.0,1.9583333333333333,0.18771856543719884,-0.9822228566828406
2024-06-21,273.3,3841,3884,1834,24.27916666666667,28.5,76.60625,0.0,1.375,0.17082974322534442,-0.985300562686109
2024-06-22,219.1,2803,1393,1992,24.2,28.1,79.02833333333334,0.0,1.6666666666666667,0.15389057670406214,-0.9880878960910771
2024-06-23,256.6,3912,4662,1524,24.675,29.200000000000003,81.08541666666666,0.0,1.5416666666666667,0.13690605792347574,-0.9905840354577969
2024-06-24,281.8,3712,4052,1606,24.970833333333335,29.9,79.59166666666667,0.0,1.7916666666666667,0.11988119229922782,-0.9927882451625399
2024-06-25,334.2,4755,7368,790,25.070833333333336,30.700000000000003,79.81833333333334,0.0,0.625,0.10282099713736025,-0.9946998756145891
2024-06-26,273.6,4233,5929,1193,25.229166666666668,29.3,77.80833333333334,0.0,0.5833333333333334,0.0857305001556943,-0.9963183634476755
2024-06-27,264.2,4786,7424,797,24.941666666666666,31.1,74.96166666666666,0.0,0.08333333333333333,0.0686147380021341,-0.9976432316860063
2024-06-28,264.1,4474,6265,1206,25.09166666666667,29.6,79.27708333333334,0.0,0.5,0.05147875477034673,-0.9986740898848305
2024-06-29,222.20000000000002,4772,7220,866,25.683333333333334,32.1,73.19375000000001,0.0,0.25,0.03432760051324382,-0.9994106342455052
2024-06-30,180.3,3735,3529,1912,24.275000000000002,28.5,84.57333333333334,0.0,0.9583333333333334,0.01716632975470737,-0.9998526477050269
2024-07-01,138.4,2833,1802,2052,23.720833333333335,27.5,84.19333333333334,0.0,1.875,1.2246467991473532e-16,-1.0
2024-07-02,77.4,2698,2094,1871,24.24166666666667,28.5,80.46375,0.0,1.625,-0.017166329754707124,-0.9998526477050269
2024-07-03,107.8,3922,5349,1387,24.120833333333334,28.700000000000003,76.24083333333333,0.0,0.6666666666666666,-0.03432760051324313,-0.9994106342455054
2024-07-04,310.3,4031,5362,1194,24.137500000000003,29.700000000000003,69.22583333333334,0.0,0.5,-0.051478754770346045,-0.9986740898848305
2024-07-05,297.3,4915,7613,815,23.75,28.9,74.28666666666668,0.0,0.4166666666666667,-0.06861473800213432,-0.9976432316860063
2024-07-06,304.2,4673,6710,1054,24.599999999999998,29.6,79.175,0.0,0.5,-0.0857305001556945,-0.9963183634476755
2024-07-07,275.6,4131,5774,1260,24.695833333333336,28.9,75.58583333333333,0.0,1.5416666666666667,-0.10282099713736044,-0.9946998756145891
2024-07-08,334.8,4864,7477,793,24.8125,30.6,77.21291666666667,0.0,1.25,-0.11988119229922714,-0.99278824516254
2024-07-09,254.2,4195,5253,1493,24.795833333333334,29.700000000000003,80.25833333333334,0.0,1.2083333333333333,-0.13690605792347504,-0.990584035457797
2024-07-10,294.4,4314,5989,1215,25.066666666666666,30.200000000000003,78.30958333333334,0.0,0.6666666666666666,-0.15389057670406148,-0.9880878960910772
2024-07-11,315.3,4963,7573,811,24.833333333333332,29.9,79.74916666666667,0.0,0.16666666666666666,-0.17082974322534417,-0.985300562686109
2024-07-12,244.5,3138,2591,1838,24.400000000000002,29.1,79.745,0.0,1.3333333333333333,-0.1877185654371986,-0.9822228566828407
2024-07-13,194.15,2499,1110,2131,23.9875,28.200000000000003,71.75,0.0,1.5833333333333333,-0.20455206612620058,-0.9788556850953579
2024-07-14,143.8,3255,3758,1667,24.075000000000003,28.4,71.40958333333334,0.0,1.2083333333333333,-0.22132528438243218,-0.9752000402445826
2024-07-15,338.0,4789,6090,1136,24.020833333333332,29.200000000000003,73.21708333333333,0.0,1.25,-0.23803327706148514,-0.9712569994658315
2024-07-16,287.5,4438,6163,1136,24.09166666666667,28.4,73.56125,0.0,0.5833333333333334,-0.254671120241229,-0.9670277247913203
2024-07-17,305.8,5030,7335,830,24.512500000000003,29.4,70.64916666666666,0.0,0.9166666666666666,-0.2712339106729102,-0.9625134626077081
2024-07-18,337.3,4645,5865,1311,24.354166666666668,30.0,68.98666666666666,0.0,2.2083333333333335,-0.287716767226167,-0.9577155432887803
2024-07-19,358.0,4996,6755,1015,23.333333333333332,27.1,76.44291666666668,0.0,0.4166666666666667,-0.3041148323275178,-0.9526353808033826
2024-07-20,326.6,4523,6072,1456,22.945833333333336,26.9,74.625,0.0,0.7083333333333334,-0.32042327339191096,-0.947274472298717
2024-07-21,167.9,2121,395,1960,23.1125,27.5,77.75666666666667,0.0,2.2916666666666665,-0.3366372842469099,-0.941634397659126
2024-07-22,312.4,4652,6144,1226,23.558333333333334,28.700000000000003,72.42916666666666,0.0,1.0833333333333333,-0.35275208654909473,-0.9357168190404936
2024-07-23,303.5,4479,5756,1634,23.349999999999998,27.6,69.74041666666666,0.0,0.6666666666666666,-0.36876293119226006,-0.9295234803804003
2024-07-24,270.4,3937,4303,1440,23.233333333333334,27.8,70.8025,0.0,1.2916666666666667,-0.38466509970700097,-0.9230562068841761
2024-07-25,268.1,4437,6397,1063,23.666666666666668,28.200000000000003,69.13166666666667,0.0,0.5833333333333334,-0.40045390565126615,-0.9163169044870049
2024-07-26,255.8,4078,4212,1980,23.8625,29.1,75.41083333333334,0.0,1.25,-0.4161246959914748,-0.9093075592922356
2024-07-27,206.60000000000002,3709,3329,1937,24.21666666666667,28.9,79.04958333333333,0.0,1.8333333333333333,-0.431672852473784,-0.9020302369860707
2024-07-28,157.4,4231,5283,1551,24.566666666666666,29.1,77.54458333333334,0.0,0.7083333333333334,-0.44709379298511404,-0.8944870822287955
2024-07-29,357.9,5044,6148,1184,25.120833333333334,30.9,73.72916666666667,0.0,1.1666666666666667,-0.4623829729035149,-0.88668031802274
2024-07-30,216.2,2979,1086,2282,23.891666666666666,28.1,82.81416666666667,0.0,1.8333333333333333,-0.4775358864374881,-0.8786122450571483
2024-07-31,274.3,3649,1973,2335,23.21666666666667,26.5,83.63208333333334,0.0,2.3333333333333335,-0.4925480679538642,-0.8702852410301554
2024-08-01,270.7,2539,1494,1987,23.520833333333332,27.1,74.84833333333334,0.0,2.0,-0.5074150932938452,-0.8617017599480683
2024-08-02,75.5,4069,4347,1435,23.416666666666668,27.1,78.4775,0.0,1.625,-0.5221325810768248,-0.8528643314021597
2024-08-03,256.6,4116,3635,1856,23.462500000000002,26.5,87.34791666666666,0.0,2.0416666666666665,-0.5366961939916003,-0.8437755598231858
2024-08-04,240.6,3197,2816,2164,23.516666666666666,27.5,83.89458333333333,0.0,1.625,-0.5511016400745998,-0.8344381237138474
2024-08-05,334.0,4952,5961,1365,23.458333333333332,27.3,80.56541666666666,0.0,0.7916666666666666,-0.5653446739747425,-0.8248547748594246
2024-08-06,323.0,4864,6559,1370,23.420833333333334,28.1,77.88583333333334,0.0,0.5833333333333334,-0.5794210982045637,-0.8150283375168114
2024-08-07,315.0,4300,5113,1888,23.4875,28.3,70.61708333333333,0.0,0.625,-0.5933267643772321,-0.8049617075821958
2024-08-08,403.1,5781,8498,787,24.02916666666667,30.3,70.74333333333334,0.0,0.6666666666666666,-0.6070575744291004,-0.794657851737625
2024-08-09,389.1,5379,6341,1166,24.599999999999998,30.200000000000003,73.08749999999999,0.0,1.0833333333333333,-0.6206094818274228,-0.7841198065767104
2024-08-10,375.8,5449,7017,1100,24.608333333333334,31.4,74.06333333333333,0.0,1.0,-0.6339784927628865,-0.77335067770973
2024-08-11,212.5,2447,334,2207,21.408333333333335,24.700000000000003,73.94916666666667,0.0,2.7916666666666665,-0.6471606673266059,-0.7623536388483905
2024-08-12,155.8,4333,4070,1820,24.8625,31.9,75.41000000000001,0.0,2.8333333333333335,-0.6601521206712315,-0.7511319308705201
2024-08-13,272.6,3510,1426,2523,21.729166666666668,25.0,65.18833333333333,0.0,6.541666666666667,-0.6729490241558326,-0.7396888608649671
2024-08-14,322.9,4175,3021,2309,22.258333333333336,26.6,68.68916666666667,0.0,2.2083333333333335,-0.6855476064742154,-0.7280278011569848
2024-08-15,295.7,4115,3726,1674,23.329166666666666,28.6,72.82916666666667,0.0,1.25,-0.6979441547663433,-0.7161521883143935
2024-08-16,383.3,5582,7181,1247,23.587500000000002,29.1,78.00916666666667,0.0,0.5416666666666666,-0.7101350157125356,-0.7040655221348059
2024-08-17,383.5,5953,8120,955,23.395833333333332,28.9,75.86666666666666,0.0,0.5416666666666666,-0.7221165966101161,-0.691771364614222
2024-08-18,403.3,6056,8349,925,23.320833333333336,28.9,76.24374999999999,0.0,0.041666666666666664,-0.7338853664321993,-0.6792733388972929
2024-08-19,373.6,5506,6868,1613,23.770833333333332,28.700000000000003,75.50541666666668,0.0,0.375,-0.7454378568683003,-0.6665751282095631
2024-08-20,429.5,6119,8430,893,24.145833333333332,30.8,70.82041666666667,0.0,0.125,-0.7567706633464625,-0.653680474772006
2024-08-21,307.6,4559,3501,2434,24.012500000000003,29.200000000000003,78.55541666666666,0.0,0.875,-0.7678804460366,-0.6405931786981752
2024-08-22,209.2,2909,1220,2402,24.1875,29.3,76.40333333333334,0.0,1.7083333333333333,-0.7787639308347605,-0.627317096874294
2024-08-23,325.4,5693,6196,1696,24.816666666666666,30.0,73.93375,0.0,1.1666666666666667,-0.7894179103280194,-0.6138561418226122
2024-08-24,401.7,6016,7513,1189,25.15416666666667,30.3,73.83875,0.0,0.125,-0.7998392447397191,-0.6002142805483686
2024-08-25,362.6,5073,4063,2473,25.020833333333332,29.9,74.49875,0.0,0.9166666666666666,-0.8100248628547748,-0.5863955333706962
2024-08-26,268.7,3928,2645,2339,22.920833333333334,26.200000000000003,78.90958333333333,0.0,1.5416666666666667,-0.8199717629247767,-0.5724039727378154
2024-08-27,57.4,1991,5,1988,21.587500000000002,24.700000000000003,74.61291666666666,0.0,2.7916666666666665,-0.8296770135526185,-0.5582437220268655
2024-08-28,77.8,4267,2922,2875,21.96666666666667,26.200000000000003,72.29416666666667,0.0,2.4583333333333335,-0.8391377545563938,-0.5439189543287248
2024-08-29,328.5,4464,3080,2588,22.224999999999998,26.6,67.76291666666667,0.0,1.375,-0.8483511978123038,-0.5294338912181854
2024-08-30,426.9,6381,8292,1079,23.27916666666667,28.200000000000003,65.32375,0.0,0.20833333333333334,-0.8573146280763322,-0.514792801509831
2024-08-31,420.3,6507,8491,1053,23.570833333333336,29.8,69.79791666666667,0.0,0.08333333333333333,-0.8660254037844385,-0.5000000000000004
2024-09-01,411.7,6069,7017,1594,23.770833333333332,29.4,68.6975,0.0,0.4166666666666667,-0.8744809578310394,-0.4850598461951967
2024-09-02,433.2,6210,7122,1448,25.36666666666667,33.1,69.16000000000001,0.0,0.08333333333333333,-0.8826787983255475,-0.4699767430273199
2024-09-03,344.4,5532,4692,2380,25.070833333333336,31.5,73.34875,0.0,0.4166666666666667,-0.8906165093267404,-0.45475513555610575
2024-09-04,308.8,5203,3727,2615,25.17916666666667,30.5,75.18083333333334,0.0,0.625,-0.8982917515547529,-0.43939950965914165
2024-09-05,307.6,5974,5787,1809,25.566666666666666,31.6,71.04875,0.0,0.375,-0.9057022630804714,-0.42391439070986087
2024-09-06,128.1,5549,4611,2429,25.120833333333334,30.200000000000003,72.1675,0.0,0.9583333333333334,-0.9128458599921354,-0.40830434224389367
2024-09-07,321.8,4778,2780,3257,24.733333333333334,29.700000000000003,73.24291666666666,0.0,1.7916666666666667,-0.9197204370389468,-0.3925739646141714
2024-09-08,287.5,4716,2904,3038,24.391666666666666,29.1,78.13458333333334,0.0,1.0833333333333333,-0.9263239682514951,-0.3767278936351848
2024-09-09,160.4,4502,3749,2575,24.820833333333336,29.6,69.07083333333334,0.0,1.25,-0.9326545075388225,-0.3607707992167831
2024-09-10,388.6,6486,7537,1497,24.700000000000003,29.700000000000003,67.75666666666667,0.0,0.2916666666666667,-0.9387101892619443,-0.3447073839879337
2024-09-11,211.8,4714,4612,2342,25.125,30.0,72.13041666666668,0.0,0.8333333333333334,-0.9444892287836613,-0.32854238191083474
2024-09-12,371.7,5810,5908,2094,25.02916666666667,29.700000000000003,71.81291666666667,0.0,0.75,-0.9499899229945009,-0.3122805568857948
2024-09-13,393.2,6025,6012,2100,24.950000000000003,29.9,72.34666666666666,0.0,0.5416666666666666,-0.9552106508146316,-0.29592670134728966
2024-09-14,314.4,5059,4191,2853,25.512500000000003,30.5,72.88208333333334,0.0,1.2916666666666667,-0.9601498736716017,-0.2794856348516098
2024-09-15,356.0,5635,5182,2399,25.52916666666667,30.8,72.67041666666667,0.0,1.125,-0.9648061359537644,-0.2629622026565152
2024-09-16,380.6,5557,4480,2442,25.77916666666667,30.9,75.18625,0.0,1.7083333333333333,-0.9691780654392534,-0.24636127429331536
2024-09-17,112.0,2350,667,2168,24.587500000000002,28.9,77.30791666666667,0.0,2.1666666666666665,-0.9732643737003823,-0.2296877421317963
2024-09-18,149.6,3596,2011,2500,23.887500000000003,27.9,72.80833333333334,0.0,2.0833333333333335,-0.9770638564833508,-0.21294651993841573
2024-09-19,304.4,4313,2441,2995,24.220833333333335,28.8,75.71249999999999,0.0,1.0833333333333333,-0.9805753940631429,-0.19614254142819712
2024-09-20,262.5,4026,2597,2679,25.020833333333332,29.700000000000003,77.44333333333334,0.0,1.2916666666666667,-0.9837979515735163,-0.1792807588107359
2024-09-21,314.2,5495,3661,2959,25.329166666666666,30.4,74.93208333333334,0.0,0.7916666666666666,-0.9867305793119814,-0.16236614133076413
2024-09-22,384.3,6022,5877,2152,25.516666666666666,30.4,73.44833333333334,0.0,0.5416666666666666,-0.9893724130196829,-0.14540367380369032
2024-09-23,408.5,6212,6039,2147,25.483333333333334,30.200000000000003,72.82416666666667,0.0,0.5833333333333334,-0.9917226741361014,-0.12839835514655154
2024-09-24,214.6,5416,5823,1947,25.46666666666667,30.5,75.38375,0.0,0.5416666666666666,-0.9937806700284985,-0.11135519690480865
2024-09-25,416.5,6530,7141,1939,25.65416666666667,30.200000000000003,74.09166666666667,0.0,0.4583333333333333,-0.9955457941960382,-0.09427922177542443
2024-09-26,207.7,6153,6524,1796,25.620833333333334,29.700000000000003,70.615,0.0,0.625,-0.9970175264485267,-0.07717546212664643
2024-09-27,438.0,7212,8455,1330,26.0625,31.4,69.13041666666668,0.0,0.25,-0.998195433059714,-0.06004895851494849
2024-09-28,275.1,4470,2048,3088,25.775000000000002,30.9,75.35708333333334,0.0,1.4583333333333333,-0.9990791668951153,-0.04290475819955383
2024-09-29,226.2,3003,92,2933,24.474999999999998,27.9,82.55333333333333,0.0,4.0,-0.9996684675143132,-0.025747913654988113
2024-09-30,333.1,4289,2312,2773,25.083333333333332,29.200000000000003,80.84708333333333,0.0,2.7916666666666665,-0.9999631612477099,-0.008583481082086734
2024-10-01,231.4,5344,4391,3180,25.191666666666666,29.8,73.31208333333333,0.0,1.0,-0.9999631612477099,0.008583481082087254
2024-10-02,469.9,7368,8617,1382,25.720833333333335,31.6,72.24166666666666,0.0,0.25,-0.999668467514313,0.025747913654988634
2024-10-03,401.1,7374,8545,1333,26.516666666666666,32.2,72.36958333333332,0.0,0.2916666666666667,-0.9990791668951153,0.04290475819955435
2024-10-04,296.6,4681,2234,3114,26.745833333333334,32.2,71.85666666666667,0.0,2.4583333333333335,-0.998195433059714,0.06004895851494813
2024-10-05,312.0,3531,873,3106,24.40416666666667,27.700000000000003,75.35458333333334,0.0,2.625,-0.9970175264485267,0.07717546212664607
2024-10-06,508.5,7198,7472,1938,23.8,28.200000000000003,64.92208333333333,0.0,1.2083333333333333,-0.9955457941960382,0.09427922177542405
2024-10-07,334.3,4474,1427,3651,24.09166666666667,29.200000000000003,66.66083333333334,0.0,2.25,-0.9937806700284985,0.11135519690480827
2024-10-08,347.9,4853,2798,2981,25.941666666666666,32.300000000000004,70.25875,0.0,1.8333333333333333,-0.9917226741361016,0.1283983551465503
2024-10-09,411.8,6637,5148,2538,27.3125,34.800000000000004,76.8,0.0,3.875,-0.9893724130196829,0.14540367380368996
2024-10-10,83.4,1486,91,1468,24.791666666666668,27.700000000000003,87.22541666666666,0.0,5.208333333333333,-0.9867305793119814,0.16236614133076377
2024-10-11,190.0,2497,166,2437,25.137500000000003,28.4,85.69291666666668,0.0,3.75,-0.9837979515735163,0.17928075881073555
2024-10-12,355.6,4775,2341,2752,28.191666666666666,34.300000000000004,74.6475,0.0,5.625,-0.980575394063143,0.19614254142819676
2024-10-13,371.0,5377,2237,3374,25.7625,28.5,81.71083333333333,0.0,2.25,-0.9770638564833509,0.21294651993841537
2024-10-14,377.1,5427,3364,2426,25.016666666666666,28.5,72.93708333333333,0.0,2.0,-0.9732643737003827,0.22968774213179508
2024-10-15,385.6,5811,3469,3369,24.587500000000002,28.5,70.95791666666666,0.0,3.8333333333333335,-0.9691780654392538,0.24636127429331414
2024-10-16,379.0,6322,4425,2673,25.308333333333334,29.5,74.86041666666667,0.0,3.9166666666666665,-0.9648061359537647,0.262962202656514
2024-10-17,485.9,7231,7598,1716,27.545833333333334,33.6,76.03875000000001,0.0,1.6666666666666667,-0.9601498736716018,0.2794856348516095
2024-10-18,419.3,6359,4835,2456,27.333333333333332,32.1,73.29666666666667,0.0,4.75,-0.9552106508146317,0.2959267013472893
2024-10-19,485.1,6735,5359,2713,27.337500000000002,32.5,76.02333333333333,0.0,4.166666666666667,-0.9499899229945011,0.3122805568857945
2024-10-20,273.9,3573,917,2769,26.575000000000003,30.3,82.00625000000001,0.0,6.666666666666667,-0.9444892287836614,0.3285423819108344
2024-10-21,144.2,1574,45,1545,24.658333333333335,26.6,90.19125000000001,0.0,6.833333333333333,-0.938710189261944,0.3447073839879342
2024-10-22,372.5,5546,4145,3238,25.691666666666666,30.200000000000003,78.10125000000001,0.0,2.5416666666666665,-0.9326545075388223,0.3607707992167836
2024-10-23,421.4,6518,5203,3051,26.604166666666668,31.700000000000003,75.64625,0.0,2.3333333333333335,-0.9263239682514949,0.3767278936351853
2024-10-24,459.4,5951,4750,2879,26.745833333333334,31.5,75.91625,0.0,2.5416666666666665,-0.9197204370389466,0.3925739646141719
2024-10-25,468.3,6399,4562,2980,27.554166666666664,32.1,73.27125,0.0,5.875,-0.9128458599921356,0.40830434224389334
2024-10-26,505.3,7288,6841,1918,28.512500000000003,34.6,69.16166666666668,0.0,3.9583333333333335,-0.9057022630804715,0.42391439070986053
2024-10-27,193.9,2438,130,2340,26.05,29.0,83.3875,0.0,4.708333333333333,-0.898291751554753,0.4393995096591413
2024-10-28,237.2,3047,269,2835,25.1375,28.4,85.99374999999999,0.0,4.5,-0.8906165093267406,0.4547551355561054
2024-10-29,114.2,1424,35,1410,25.283333333333335,29.700000000000003,87.72833333333334,0.0,5.416666666666667,-0.8826787983255476,0.46997674302731957
2024-10-30,97.8,1830,30,1810,23.8,26.700000000000003,88.2575,0.0,6.375,-0.8744809578310401,0.4850598461951956
2024-10-31,253.6,3321,604,2823,24.633333333333336,28.1,83.80458333333333,0.0,5.583333333333333,-0.8660254037844386,0.5000000000000001
2024-11-01,340.3,4864,2064,3684,24.870833333333334,27.6,85.62625000000001,0.0,3.7083333333333335,-0.8573146280763323,0.5147928015098306
2024-11-02,315.9,4823,2870,2703,25.229166666666668,29.4,84.61083333333333,0.0,4.25,-0.848351197812304,0.5294338912181851
2024-11-03,292.5,3288,885,2777,25.337500000000002,29.200000000000003,81.73625,0.0,5.0,-0.8391377545563939,0.5439189543287245
2024-11-04,286.2,3629,846,3029,25.104166666666668,28.9,84.00208333333333,0.0,5.125,-0.8296770135526191,0.5582437220268645
2024-11-05,117.0,2960,364,2731,24.304166666666664,26.700000000000003,87.2375,0.0,5.708333333333333,-0.8199717629247775,0.5724039727378144
2024-11-06,326.4,4633,1894,3339,25.233333333333334,29.200000000000003,84.56458333333333,0.0,2.9166666666666665,-0.8100248628547756,0.5863955333706952
2024-11-07,434.8,5278,3703,2911,25.958333333333332,29.8,81.60041666666667,0.0,2.8333333333333335,-0.7998392447397198,0.6002142805483676
2024-11-08,378.8,5023,3724,2390,27.008333333333336,31.4,77.35833333333333,0.0,3.75,-0.7894179103280197,0.613856141822612
2024-11-09,302.7,3845,932,3112,26.358333333333334,31.200000000000003,86.14291666666666,0.0,5.833333333333333,-0.7787639308347607,0.6273170968742937
2024-11-10,427.0,5602,2757,3355,23.74166666666667,26.3,84.40916666666666,0.0,4.916666666666667,-0.7678804460366002,0.640593178698175
2024-11-11,329.6,4293,1885,3361,24.233333333333334,28.1,79.76,0.0,2.25,-0.7567706633464628,0.6536804747720056
2024-11-12,580.5,8396,10164,1045,26.366666666666664,32.7,78.50791666666667,0.0,0.041666666666666664,-0.7454378568682999,0.6665751282095634
2024-11-13,407.8,6288,4939,2283,27.287499999999998,32.1,82.74875,0.0,3.4166666666666665,-0.7338853664321989,0.6792733388972934
2024-11-14,228.1,3008,193,2836,25.224999999999998,27.8,89.92291666666667,0.0,6.666666666666667,-0.7221165966101161,0.6917713646142221
2024-11-15,361.8,4739,1428,3694,25.691666666666666,29.0,82.62916666666666,0.0,3.4166666666666665,-0.7101350157125358,0.7040655221348057
2024-11-16,490.5,5864,2982,3642,25.479166666666668,29.5,79.795,0.0,3.4583333333333335,-0.6979441547663436,0.7161521883143932
2024-11-17,283.6,2945,464,2573,24.954166666666666,28.4,83.95666666666666,0.0,5.25,-0.6855476064742156,0.7280278011569846
2024-11-18,376.3,5061,3505,2733,25.8125,30.3,79.57333333333334,0.0,2.4583333333333335,-0.6729490241558331,0.7396888608649665
2024-11-19,402.9,6298,6326,2409,26.40416666666667,31.1,78.59708333333334,0.0,0.875,-0.6601521206712321,0.7511319308705195
2024-11-20,505.4,7636,8258,1547,27.204166666666666,32.4,77.20291666666667,0.0,1.125,-0.6471606673266065,0.7623536388483899
2024-11-21,288.0,5910,3835,2920,27.358333333333334,33.6,78.48583333333333,0.0,4.375,-0.6339784927628872,0.7733506777097294
2024-11-22,318.2,3911,779,3284,25.066666666666666,27.5,88.97166666666668,0.0,5.708333333333333,-0.6206094818274227,0.7841198065767104
2024-11-23,116.7,1538,48,1512,23.325,24.9,89.11583333333334,0.0,6.166666666666667,-0.607057574429101,0.7946578517376245
2024-11-24,369.8,3770,719,3312,23.541666666666668,26.700000000000003,76.36708333333333,0.0,2.7083333333333335,-0.5933267643772321,0.8049617075821958
2024-11-25,461.6,6639,5559,2719,23.837500000000002,27.5,70.63875,0.0,1.9166666666666667,-0.5794210982045647,0.8150283375168107
2024-11-26,404.7,6218,5518,3210,24.675,29.0,67.22541666666667,0.0,1.5,-0.5653446739747432,0.8248547748594242
2024-11-27,542.3,8455,9954,1219,25.754166666666666,31.5,75.53083333333333,0.0,0.125,-0.5511016400745998,0.8344381237138475
2024-11-28,454.0,6725,6261,2405,27.137500000000003,32.5,78.60208333333334,0.0,0.6666666666666666,-0.5366961939916011,0.8437755598231853
2024-11-29,462.3,6402,4691,2772,28.358333333333334,34.0,77.11,0.0,3.5,-0.5221325810768248,0.8528643314021598
2024-11-30,435.0,6436,4234,2739,28.125,33.300000000000004,78.83458333333333,0.0,4.041666666666667,-0.5074150932938463,0.8617017599480677
2024-12-01,359.1,3579,325,3302,26.224999999999998,30.1,87.09041666666667,0.0,5.166666666666667,-0.4925480679538645,0.8702852410301551
2024-12-02,508.4,6691,5623,2324,27.587500000000002,32.300000000000004,81.67083333333333,0.0,3.875,-0.47753588643748845,0.8786122450571482
2024-12-03,527.5,7377,6533,2218,28.104166666666668,33.5,77.64291666666666,0.0,7.25,-0.4623829729035152,0.8866803180227398
2024-12-04,461.5,6521,5012,2826,26.512500000000003,29.4,82.10375,0.0,3.8333333333333335,-0.44709379298511437,0.8944870822287954
2024-12-05,444.2,8573,9750,1316,26.545833333333334,31.200000000000003,73.80166666666666,0.0,0.75,-0.43167285247378356,0.9020302369860709
2024-12-06,519.8,8277,8728,1779,26.625,31.5,76.16291666666667,0.0,0.5833333333333334,-0.4161246959914751,0.9093075592922355
2024-12-07,562.6,8375,9578,1581,27.433333333333334,32.7,75.58125,0.0,0.25,-0.4004539056512665,0.9163169044870048
2024-12-08,571.3,7889,8224,1895,28.350000000000005,34.300000000000004,74.69291666666668,0.0,2.0,-0.3846650997070013,0.923056206884176
2024-12-09,492.9,7507,7570,2315,27.825000000000003,32.9,73.51083333333334,0.0,1.0,-0.3687629311922604,0.9295234803804002
2024-12-10,509.1,7028,5631,3082,27.6125,32.0,72.05875,0.0,4.333333333333333,-0.3527520865490943,0.9357168190404939
2024-12-11,137.0,2247,92,2173,24.883333333333336,26.6,82.94916666666667,0.0,6.666666666666667,-0.3366372842469107,0.9416343976591258
2024-12-12,434.3,4719,1584,3736,24.579166666666666,27.6,81.95083333333334,0.0,2.7083333333333335,-0.3204232733919109,0.947274472298717
2024-12-13,353.7,4600,1781,3460,25.666666666666668,29.8,82.7375,0.0,4.958333333333333,-0.30411483232751857,0.9526353808033823
2024-12-14,387.7,5067,2563,3505,26.058333333333334,29.8,85.60374999999999,0.0,5.25,-0.28771676722616696,0.9577155432887803
2024-12-15,361.3,5550,2602,3709,26.291666666666668,29.0,86.17833333333334,0.0,6.458333333333333,-0.27123391067291097,0.9625134626077079
2024-12-16,449.0,5902,3368,3097,26.875,30.6,87.83875,0.0,6.25,-0.25467112024122895,0.9670277247913203
2024-12-17,143.6,5697,3681,3066,27.837500000000002,33.2,82.63,0.0,6.5,-0.23803327706148678,0.9712569994658311
2024-12-18,350.1,4339,1386,3530,26.17916666666667,28.9,84.64458333333333,0.0,6.0,-0.22132528438243296,0.9752000402445824
2024-12-19,388.4,5416,4532,2617,26.854166666666668,31.0,82.84083333333334,0.0,2.5416666666666665,-0.2045520661262005,0.9788556850953579
2024-12-20,494.5,6590,5443,3154,27.1125,30.700000000000003,81.38791666666667,0.0,3.0833333333333335,-0.1877185654371994,0.9822228566828405
2024-12-21,357.4,5414,2680,3377,27.720833333333335,31.700000000000003,75.05958333333334,0.0,6.875,-0.17082974322534408,0.985300562686109
2024-12-22,539.7,6753,5113,2548,27.762500000000003,32.6,75.05416666666667,0.0,5.833333333333333,-0.1538905767040627,0.9880878960910771
2024-12-23,329.2,4116,1046,3139,27.258333333333336,31.3,82.41041666666666,0.0,6.208333333333333,-0.1369060579234754,0.9905840354577969
2024-12-24,191.3,2788,497,2402,25.46666666666667,28.0,91.06958333333334,0.0,6.333333333333333,-0.1198811922992275,0.99278824516254
2024-12-25,262.9,3250,405,3075,26.033333333333335,29.4,84.25583333333334,0.0,3.7083333333333335,-0.1028209971373608,0.9946998756145891
2024-12-26,477.0,6155,5071,2665,26.745833333333334,30.6,75.84791666666668,0.0,3.5416666666666665,-0.08573050015569487,0.9963183634476755
2024-12-27,513.5,6690,5084,2710,27.095833333333335,31.4,75.85125000000001,0.0,6.166666666666667,-0.06861473800213468,0.9976432316860063
2024-12-28,478.4,7957,7748,1902,27.375,31.5,75.39541666666666,0.0,3.4166666666666665,-0.05147875477034641,0.9986740898848305
2024-12-29,321.6,4848,2751,2805,27.09583333333333,31.0,74.48208333333334,0.0,6.583333333333333,-0.034327600513243496,0.9994106342455052
2024-12-30,189.8,2806,465,2471,26.8875,31.3,85.03833333333334,0.0,5.583333333333333,-0.017166329754707492,0.9998526477050269
2024-12-31,321.5,4205,1565,3049,26.558333333333334,30.3,84.74041666666666,0.0,5.708333333333333,-2.4492935982947064e-16,1.0
