Timestamp,Dni,Dhi,Ghi,AirTemp,DewpointTemp,WindSpeed10m,WindDirection10m,RelativeHumidity,POA,Ppv
2022-10-01 06:00:00,0,0,0,19.5,16.1,2.6,157,80.7,0.0,0.0
2022-10-01 06:30:00,0,0,0,19.4,16.0,2.4,156,80.7,0.0,0.0
2022-10-01 07:00:00,0,0,0,19.4,16.0,2.3,154,80.9,0.0,0.0
2022-10-01 07:30:00,0,0,0,19.2,16.0,2.1,154,81.7,0.0,0.0
2022-10-01 08:00:00,0,0,0,19.1,16.0,2.0,153,82.3,0.0,0.0
2022-10-01 08:30:00,0,12,12,19.2,16.2,1.8,152,82.6,7.74,0.04
2022-10-01 09:00:00,0,53,53,19.6,16.2,1.6,148,80.9,39.47,0.2
2022-10-01 09:30:00,437,84,211,20.8,16.0,1.4,136,74.0,174.76,0.86
2022-10-01 10:00:00,166,184,254,21.8,15.7,1.4,121,68.3,227.12,1.11
2022-10-01 10:30:00,88,265,310,22.4,15.5,1.7,105,65.0,292.05,1.43
2022-10-01 11:00:00,364,238,464,22.9,15.3,1.9,94,62.3,451.39,2.18
2022-10-01 11:30:00,651,168,626,23.4,15.4,1.8,84,60.8,618.9,2.96
2022-10-01 12:00:00,556,237,672,23.8,15.4,1.7,75,59.5,667.86,3.19
2022-10-01 12:30:00,821,125,821,24.0,15.4,1.8,68,58.8,814.0,3.85
2022-10-01 13:00:00,835,128,878,24.2,15.4,1.8,64,57.9,860.16,4.05
2022-10-01 13:30:00,642,246,845,24.7,15.5,1.8,68,56.6,806.71,3.81
2022-10-01 14:00:00,517,322,815,25.1,15.5,1.8,73,55.3,744.89,3.54
2022-10-01 14:30:00,268,449,706,25.4,15.6,1.9,83,54.4,604.65,2.89
2022-10-01 15:00:00,36,453,487,25.7,15.6,2.0,92,53.8,380.8,1.85
2022-10-01 15:30:00,0,399,399,25.6,15.7,2.2,98,54.3,275.75,1.35
2022-10-01 16:00:00,36,489,520,25.6,15.8,2.4,102,54.7,304.31,1.48
2022-10-01 16:30:00,171,412,552,25.7,15.9,2.6,102,54.7,257.34,1.26
2022-10-01 17:00:00,177,355,488,25.7,15.9,2.8,102,54.9,164.18,0.81
2022-10-01 17:30:00,230,296,449,25.5,16.0,3.1,100,55.7,89.28,0.44
2022-10-01 18:00:00,299,237,404,25.2,16.0,3.4,98,56.7,22.85,0.11
2022-10-01 18:30:00,497,135,364,24.9,16.1,3.9,96,58.1,0.0,0.0
2022-10-01 19:00:00,477,96,262,24.5,16.1,4.4,95,59.6,0.0,0.0
2022-10-02 06:00:00,0,0,0,20.0,17.7,1.2,338,86.4,0.0,0.0
2022-10-02 06:30:00,0,0,0,19.8,17.7,1.1,324,87.4,0.0,0.0
2022-10-02 07:00:00,0,0,0,19.7,17.7,1.1,308,88.2,0.0,0.0
2022-10-02 07:30:00,0,0,0,19.7,17.7,1.1,295,88.2,0.0,0.0
2022-10-02 08:00:00,0,0,0,19.7,17.7,1.2,283,88.1,0.0,0.0
2022-10-02 08:30:00,27,14,16,19.8,17.6,1.5,274,87.6,10.35,0.05
2022-10-02 09:00:00,287,54,105,20.5,17.7,1.6,271,83.7,78.39,0.39
2022-10-02 09:30:00,452,81,214,23.3,17.8,1.4,275,71.5,177.6,0.87
2022-10-02 10:00:00,566,99,331,25.5,18.0,1.2,288,63.3,296.47,1.44
2022-10-02 10:30:00,647,112,447,25.9,18.1,1.2,321,62.2,421.72,2.03
2022-10-02 11:00:00,407,228,479,26.3,18.1,1.5,343,61.0,466.51,2.24
2022-10-02 11:30:00,624,181,622,26.5,17.9,1.7,354,59.1,615.47,2.93
2022-10-02 12:00:00,725,158,727,26.8,17.7,1.9,0,57.4,723.03,3.42
2022-10-02 12:30:00,806,134,818,27.2,17.6,2.1,2,55.7,811.67,3.82
2022-10-02 13:00:00,821,137,876,27.6,17.5,2.2,4,54.1,859.09,4.03
2022-10-02 13:30:00,832,139,917,28.2,17.6,2.0,10,52.7,876.57,4.11
2022-10-02 14:00:00,690,228,886,28.8,17.6,2.0,18,51.1,811.02,3.82
2022-10-02 14:30:00,737,201,908,29.4,17.5,2.1,28,48.6,779.05,3.67
2022-10-02 15:00:00,713,211,886,29.9,17.3,2.4,36,46.7,694.28,3.29
2022-10-02 15:30:00,670,228,843,30.1,17.3,2.9,42,46.3,584.1,2.79
2022-10-02 16:00:00,662,218,798,30.2,17.4,3.3,46,46.2,468.52,2.25
2022-10-02 16:30:00,405,322,652,30.1,17.5,3.6,48,46.9,305.26,1.48
2022-10-02 17:00:00,641,186,661,30.0,17.8,3.9,50,47.9,223.77,1.09
2022-10-02 17:30:00,732,124,607,29.5,18.0,4.1,54,50.0,122.01,0.6
2022-10-02 18:00:00,663,123,498,29.0,18.3,4.4,57,52.3,29.28,0.14
2022-10-02 18:30:00,581,115,382,28.4,18.7,4.5,58,55.6,0.0,0.0
2022-10-02 19:00:00,490,95,266,27.9,19.1,4.5,60,58.6,0.0,0.0
2022-10-03 06:00:00,0,0,0,22.8,21.1,1.7,33,90.3,0.0,0.0
2022-10-03 06:30:00,0,0,0,22.7,21.2,1.8,32,90.8,0.0,0.0
2022-10-03 07:00:00,0,0,0,22.7,21.2,1.9,31,91.4,0.0,0.0
2022-10-03 07:30:00,0,0,0,22.6,21.2,1.9,27,92.0,0.0,0.0
2022-10-03 08:00:00,0,0,0,22.5,21.2,2.0,24,92.2,0.0,0.0
2022-10-03 08:30:00,0,4,4,22.8,21.3,2.1,22,91.3,2.59,0.01
2022-10-03 09:00:00,0,8,8,23.1,21.3,2.4,20,89.6,5.99,0.03
2022-10-03 09:30:00,0,18,18,23.9,21.2,2.9,19,85.1,14.97,0.07
2022-10-03 10:00:00,0,48,48,24.6,21.2,3.3,18,81.4,43.06,0.21
2022-10-03 10:30:00,0,97,97,24.9,21.1,3.4,16,79.8,91.64,0.45
2022-10-03 11:00:00,0,174,174,25.2,21.1,3.4,15,77.9,169.65,0.82
2022-10-03 11:30:00,303,304,520,25.5,20.9,3.4,15,75.6,514.96,2.45
2022-10-03 12:00:00,58,433,478,26.0,20.8,3.4,16,73.3,475.7,2.27
2022-10-03 12:30:00,12,460,470,26.6,20.9,3.3,19,70.7,466.72,2.23
2022-10-03 13:00:00,62,492,548,27.1,20.8,3.3,22,68.5,537.95,2.56
2022-10-03 13:30:00,0,384,384,27.2,20.6,3.4,24,67.1,367.52,1.77
2022-10-03 14:00:00,0,492,492,27.4,20.4,3.6,24,65.5,451.04,2.16
2022-10-03 14:30:00,14,471,484,28.0,20.4,3.7,22,63.2,416.0,1.99
2022-10-03 15:00:00,88,521,605,28.5,20.4,3.7,20,61.3,475.08,2.27
2022-10-03 15:30:00,0,482,482,28.7,20.3,3.8,21,60.4,334.82,1.61
2022-10-03 16:00:00,0,367,367,28.9,20.2,3.9,21,59.2,216.16,1.05
2022-10-03 16:30:00,0,189,189,29.4,20.0,3.9,21,57.2,88.86,0.43
2022-10-03 17:00:00,0,78,78,29.7,19.9,4.0,21,55.9,26.57,0.13
2022-10-03 17:30:00,0,131,131,29.4,19.9,3.9,23,56.5,26.62,0.13
2022-10-03 18:00:00,0,215,215,29.2,19.9,3.9,25,57.4,13.12,0.06
2022-10-03 18:30:00,431,149,348,28.9,20.1,3.7,31,59.1,0.0,0.0
2022-10-03 19:00:00,320,93,207,28.4,20.3,3.6,37,61.4,0.0,0.0
2022-10-04 06:00:00,0,0,0,22.7,20.9,2.2,21,89.6,0.0,0.0
2022-10-04 06:30:00,0,0,0,22.5,20.7,2.2,18,89.6,0.0,0.0
2022-10-04 07:00:00,0,0,0,22.4,20.6,2.2,16,89.6,0.0,0.0
2022-10-04 07:30:00,0,0,0,22.3,20.5,2.2,14,89.6,0.0,0.0
2022-10-04 08:00:00,0,0,0,22.2,20.4,2.3,13,89.4,0.0,0.0
2022-10-04 08:30:00,0,2,2,22.1,20.2,2.3,14,88.9,1.3,0.01
2022-10-04 09:00:00,0,11,11,22.3,20.1,2.4,12,87.1,8.25,0.04
2022-10-04 09:30:00,0,44,44,23.6,20.4,2.6,4,82.0,36.66,0.18
2022-10-04 10:00:00,0,88,88,24.7,20.6,2.8,356,77.8,79.07,0.39
2022-10-04 10:30:00,0,36,36,25.0,20.4,3.0,351,75.2,34.06,0.17
2022-10-04 11:00:00,0,56,56,25.4,20.1,3.2,347,72.3,54.66,0.27
2022-10-04 11:30:00,0,134,134,25.9,19.6,3.3,346,68.0,132.8,0.65
2022-10-04 12:00:00,0,215,215,26.4,19.2,3.5,346,64.4,214.09,1.04
2022-10-04 12:30:00,0,218,218,26.9,19.0,3.7,350,62.2,216.63,1.05
2022-10-04 13:00:00,618,242,802,27.4,18.9,3.8,354,59.9,788.05,3.7
2022-10-04 13:30:00,624,256,842,28.0,18.8,3.7,1,57.5,806.84,3.79
2022-10-04 14:00:00,823,146,935,28.7,18.8,3.7,7,54.9,858.39,4.01
2022-10-04 14:30:00,671,237,883,29.6,18.6,3.8,10,51.6,760.24,3.58
2022-10-04 15:00:00,588,280,839,30.2,18.4,3.8,13,49.2,660.18,3.13
2022-10-04 15:30:00,642,241,832,30.3,18.3,3.7,15,48.9,579.39,2.76
2022-10-04 16:00:00,592,253,773,30.3,18.3,3.7,19,48.5,456.71,2.19
2022-10-04 16:30:00,551,253,704,30.5,18.1,3.7,24,47.6,332.37,1.61
2022-10-04 17:00:00,726,147,689,30.6,18.0,3.8,30,47.1,236.09,1.15
2022-10-04 17:30:00,605,172,574,30.5,18.1,4.2,36,47.7,117.85,0.58
2022-10-04 18:00:00,200,265,380,30.2,18.2,4.6,40,48.9,24.04,0.12
2022-10-04 18:30:00,0,170,170,29.3,18.4,4.7,42,52.1,0.0,0.0
2022-10-04 19:00:00,0,119,119,28.4,18.6,4.8,44,55.2,0.0,0.0
2022-10-05 06:00:00,0,0,0,21.3,19.3,1.7,52,88.4,0.0,0.0
2022-10-05 06:30:00,0,0,0,21.3,19.4,2.1,41,88.7,0.0,0.0
2022-10-05 07:00:00,0,0,0,21.3,19.4,2.5,34,88.9,0.0,0.0
2022-10-05 07:30:00,0,0,0,21.4,19.5,2.6,30,88.6,0.0,0.0
2022-10-05 08:00:00,0,0,0,21.5,19.5,2.8,25,88.4,0.0,0.0
2022-10-05 08:30:00,0,2,2,21.6,19.6,3.2,20,88.4,1.3,0.01
2022-10-05 09:00:00,0,9,9,21.8,19.8,3.4,16,88.4,6.77,0.03
2022-10-05 09:30:00,0,20,20,22.5,20.5,3.2,15,88.5,16.69,0.08
2022-10-05 10:00:00,0,41,41,23.1,21.0,3.2,11,87.6,36.9,0.18
2022-10-05 10:30:00,0,67,67,23.7,20.8,3.7,3,83.9,63.46,0.31
2022-10-05 11:00:00,0,125,125,24.3,20.6,4.0,358,79.7,122.12,0.6
2022-10-05 11:30:00,0,330,330,25.2,20.1,3.6,353,73.4,327.29,1.58
2022-10-05 12:00:00,11,396,405,26.0,19.8,3.3,350,68.7,403.52,1.94
2022-10-05 12:30:00,335,372,659,26.3,19.7,3.1,350,67.1,655.3,3.1
2022-10-05 13:00:00,404,363,730,26.8,19.7,2.9,351,64.9,717.95,3.38
2022-10-05 13:30:00,0,506,506,27.7,19.5,2.6,356,61.2,485.43,2.32
2022-10-05 14:00:00,0,494,494,28.4,19.3,2.3,0,57.9,454.16,2.18
2022-10-05 14:30:00,0,436,436,28.9,19.1,1.9,2,55.6,376.01,1.81
2022-10-05 15:00:00,0,411,411,29.3,18.9,1.5,7,53.5,324.05,1.57
2022-10-05 15:30:00,0,441,441,29.7,18.8,1.1,25,52.1,307.85,1.49
2022-10-05 16:00:00,0,462,462,30.0,18.8,1.0,53,51.2,273.8,1.33
2022-10-05 16:30:00,231,397,587,29.9,18.9,1.4,79,51.5,278.26,1.35
2022-10-05 17:00:00,337,317,569,29.8,18.9,1.8,92,51.9,196.13,0.96
2022-10-05 17:30:00,448,235,531,29.6,18.8,2.4,96,52.5,110.15,0.54
2022-10-05 18:00:00,403,206,436,29.3,18.9,2.9,98,53.5,28.55,0.14
2022-10-05 18:30:00,86,226,267,28.8,19.1,3.2,98,55.9,0.0,0.0
2022-10-05 19:00:00,0,100,100,28.3,19.3,3.5,98,58.4,0.0,0.0
2022-10-06 06:00:00,0,0,0,22.7,21.7,1.5,145,93.9,0.0,0.0
2022-10-06 06:30:00,0,0,0,22.8,21.6,1.4,143,93.0,0.0,0.0
2022-10-06 07:00:00,0,0,0,22.9,21.6,1.3,141,92.6,0.0,0.0
2022-10-06 07:30:00,0,0,0,22.7,21.6,1.3,141,93.4,0.0,0.0
2022-10-06 08:00:00,0,0,0,22.6,21.6,1.3,141,94.2,0.0,0.0
2022-10-06 08:30:00,0,4,4,22.7,21.8,1.3,139,94.5,2.62,0.01
2022-10-06 09:00:00,0,12,12,23.0,21.9,1.4,138,93.7,9.04,0.04
2022-10-06 09:30:00,0,32,32,23.6,21.8,1.6,139,89.8,26.76,0.13
2022-10-06 10:00:00,0,69,69,24.0,21.7,1.7,138,86.7,62.19,0.3
2022-10-06 10:30:00,0,91,91,24.2,21.7,1.8,130,85.7,86.3,0.42
2022-10-06 11:00:00,0,159,159,24.6,21.7,1.9,122,84.0,155.49,0.75
2022-10-06 11:30:00,0,284,284,25.2,21.5,2.0,113,80.3,281.86,1.36
2022-10-06 12:00:00,62,438,488,25.7,21.4,2.1,105,77.0,486.46,2.32
2022-10-06 12:30:00,0,395,395,26.2,21.3,2.1,98,74.5,393.02,1.88
2022-10-06 13:00:00,0,256,256,26.7,21.1,2.3,91,71.7,252.0,1.22
2022-10-06 13:30:00,0,243,243,27.4,20.9,2.5,84,67.8,233.38,1.13
2022-10-06 14:00:00,0,338,338,28.0,20.7,2.8,78,64.4,311.17,1.5
2022-10-06 14:30:00,0,229,229,28.4,20.5,3.2,74,62.4,197.81,0.96
2022-10-06 15:00:00,0,307,307,28.6,20.3,3.5,71,60.8,242.52,1.17
2022-10-06 15:30:00,0,465,465,28.4,20.0,3.7,69,60.6,325.38,1.57
2022-10-06 16:00:00,0,346,346,28.2,19.8,3.9,67,60.3,205.67,1.0
2022-10-06 16:30:00,0,239,239,28.3,19.7,3.9,64,59.9,113.75,0.56
2022-10-06 17:00:00,0,409,409,28.3,19.6,3.9,62,59.3,141.8,0.69
2022-10-06 17:30:00,0,265,265,28.3,19.2,3.9,61,57.8,55.53,0.27
2022-10-06 18:00:00,354,225,427,28.2,18.9,3.8,60,57.0,28.91,0.14
2022-10-06 18:30:00,542,125,376,27.9,18.8,3.7,58,57.8,0.0,0.0
2022-10-06 19:00:00,462,100,263,27.6,18.8,3.7,57,58.8,0.0,0.0
2022-10-07 06:00:00,0,0,0,22.9,21.4,3.1,19,91.1,0.0,0.0
2022-10-07 06:30:00,0,0,0,23.0,21.3,3.2,18,90.6,0.0,0.0
2022-10-07 07:00:00,0,0,0,23.0,21.3,3.3,17,90.1,0.0,0.0
2022-10-07 07:30:00,0,0,0,23.1,21.4,3.5,16,89.8,0.0,0.0
2022-10-07 08:00:00,0,0,0,23.2,21.4,3.6,14,89.4,0.0,0.0
2022-10-07 08:30:00,0,2,2,23.5,21.5,3.6,12,88.6,1.31,0.01
2022-10-07 09:00:00,0,39,39,23.8,21.5,3.7,9,87.2,29.44,0.14
2022-10-07 09:30:00,0,122,122,24.3,21.4,4.4,8,83.8,102.19,0.5
2022-10-07 10:00:00,0,137,137,25.0,21.3,5.0,7,80.0,123.66,0.6
2022-10-07 10:30:00,0,214,214,25.9,21.0,5.5,9,74.4,203.19,0.99
2022-10-07 11:00:00,0,346,346,26.6,20.6,5.8,10,69.7,338.68,1.63
2022-10-07 11:30:00,159,370,484,27.1,20.3,5.9,11,66.7,480.65,2.29
2022-10-07 12:00:00,219,392,567,27.5,20.1,6.0,12,63.9,565.47,2.69
2022-10-07 12:30:00,226,424,618,28.0,20.0,5.9,12,61.9,615.26,2.91
2022-10-07 13:00:00,263,433,673,28.4,19.9,5.8,12,59.7,663.03,3.13
2022-10-07 13:30:00,225,469,682,29.0,19.7,5.8,11,57.2,655.72,3.1
2022-10-07 14:00:00,366,411,763,29.6,19.5,5.7,10,54.8,703.35,3.32
2022-10-07 14:30:00,427,380,793,29.9,19.3,5.5,9,53.1,686.09,3.24
2022-10-07 15:00:00,236,468,694,30.1,19.1,5.2,9,51.7,549.29,2.62
2022-10-07 15:30:00,94,513,600,30.3,19.2,4.9,9,51.4,420.83,2.02
2022-10-07 16:00:00,189,450,616,30.4,19.2,4.7,10,51.2,367.25,1.77
2022-10-07 16:30:00,285,378,613,30.2,19.0,4.5,16,51.0,292.91,1.42
2022-10-07 17:00:00,29,407,429,30.0,18.9,4.5,23,51.4,149.59,0.73
2022-10-07 17:30:00,0,353,353,29.5,19.2,4.7,31,53.9,74.72,0.37
2022-10-07 18:00:00,0,262,262,29.1,19.6,5.0,37,56.8,18.31,0.09
2022-10-07 18:30:00,0,205,205,28.5,20.1,5.2,41,60.3,0.0,0.0
2022-10-07 19:00:00,0,127,127,27.9,20.5,5.4,44,64.1,0.0,0.0
2022-10-08 06:00:00,0,0,0,23.7,21.4,2.9,357,87.0,0.0,0.0
2022-10-08 06:30:00,0,0,0,23.6,21.3,2.7,1,87.3,0.0,0.0
2022-10-08 07:00:00,0,0,0,23.5,21.3,2.5,5,87.6,0.0,0.0
2022-10-08 07:30:00,0,0,0,23.4,21.3,2.5,9,88.1,0.0,0.0
2022-10-08 08:00:00,0,0,0,23.3,21.3,2.4,12,88.5,0.0,0.0
2022-10-08 08:30:00,0,2,2,23.4,21.3,2.3,14,88.2,1.31,0.01
2022-10-08 09:00:00,0,27,27,23.6,21.3,2.3,15,87.2,20.42,0.1
2022-10-08 09:30:00,0,81,81,24.3,21.4,2.6,12,83.8,67.96,0.33
2022-10-08 10:00:00,0,134,134,25.1,21.5,2.8,10,80.8,121.12,0.59
2022-10-08 10:30:00,0,171,171,25.7,21.6,3.1,7,78.2,162.55,0.79
2022-10-08 11:00:00,485,208,517,26.4,21.7,3.3,5,75.4,506.51,2.41
2022-10-08 11:30:00,599,200,633,27.1,21.6,3.1,7,71.9,629.0,2.97
2022-10-08 12:00:00,649,205,724,27.9,21.6,2.9,8,68.4,722.34,3.39
2022-10-08 12:30:00,457,324,719,28.8,21.5,2.6,9,64.5,716.2,3.36
2022-10-08 13:00:00,568,288,807,29.7,21.4,2.2,12,61.0,795.67,3.71
2022-10-08 13:30:00,580,295,845,30.4,21.2,1.9,22,58.1,813.29,3.79
2022-10-08 14:00:00,477,360,821,31.1,21.0,1.6,38,55.2,757.79,3.55
2022-10-08 14:30:00,514,341,839,31.7,20.7,1.6,61,52.2,727.01,3.41
2022-10-08 15:00:00,339,428,752,32.2,20.5,1.9,79,50.0,596.3,2.82
2022-10-08 15:30:00,195,481,662,32.3,20.4,2.4,85,49.6,465.37,2.22
2022-10-08 16:00:00,25,514,536,32.2,20.4,2.9,89,49.7,320.49,1.54
2022-10-08 16:30:00,0,406,406,31.4,20.3,3.1,93,51.7,194.75,0.95
2022-10-08 17:00:00,0,164,164,30.5,20.3,3.3,95,54.6,57.51,0.28
2022-10-08 17:30:00,0,322,322,29.4,20.9,3.5,93,60.4,68.83,0.34
2022-10-08 18:00:00,0,289,289,28.5,21.3,3.6,92,65.0,20.83,0.1
2022-10-08 18:30:00,0,167,167,28.6,21.3,3.8,92,64.8,0.0,0.0
2022-10-08 19:00:00,0,130,130,28.5,21.3,3.9,93,65.2,0.0,0.0
2022-10-09 06:00:00,0,0,0,23.5,22.5,2.8,32,94.1,0.0,0.0
2022-10-09 06:30:00,0,0,0,23.4,22.3,2.9,30,93.8,0.0,0.0
2022-10-09 07:00:00,0,0,0,23.3,22.2,3.0,28,93.5,0.0,0.0
2022-10-09 07:30:00,0,0,0,23.2,22.1,3.0,27,93.5,0.0,0.0
2022-10-09 08:00:00,0,0,0,23.2,22.0,3.0,26,93.3,0.0,0.0
2022-10-09 08:30:00,0,9,9,23.4,22.0,3.1,25,92.1,5.93,0.03
2022-10-09 09:00:00,0,34,34,23.7,22.0,3.1,24,90.4,25.77,0.13
2022-10-09 09:30:00,0,116,116,24.5,22.2,3.3,21,87.0,97.49,0.47
2022-10-09 10:00:00,0,137,137,25.3,22.2,3.4,19,83.3,124.0,0.6
2022-10-09 10:30:00,45,294,318,26.0,22.0,3.6,18,78.7,302.62,1.45
2022-10-09 11:00:00,141,331,422,26.6,21.7,3.7,18,74.4,413.78,1.98
2022-10-09 11:30:00,307,327,549,27.2,21.3,3.6,20,70.3,545.83,2.59
2022-10-09 12:00:00,285,376,604,27.8,21.0,3.6,23,66.5,602.83,2.85
2022-10-09 12:30:00,248,425,640,28.5,20.8,3.6,26,63.2,637.83,3.01
2022-10-09 13:00:00,458,352,771,29.1,20.7,3.7,30,60.3,760.76,3.56
2022-10-09 13:30:00,469,362,807,29.6,20.5,3.9,34,58.1,777.5,3.64
2022-10-09 14:00:00,596,300,877,30.0,20.2,4.0,38,55.7,810.48,3.79
2022-10-09 14:30:00,625,285,891,30.6,19.9,4.2,40,53.0,773.22,3.63
2022-10-09 15:00:00,765,199,931,31.0,19.7,4.3,43,50.9,739.57,3.48
2022-10-09 15:30:00,807,167,916,31.0,19.5,4.4,45,50.3,645.37,3.05
2022-10-09 16:00:00,648,242,815,31.0,19.3,4.5,46,49.9,488.69,2.34
2022-10-09 16:30:00,159,438,569,30.8,19.2,4.6,49,50.3,273.98,1.33
2022-10-09 17:00:00,341,329,584,30.5,19.2,4.7,51,51.1,205.93,1.0
2022-10-09 17:30:00,710,144,617,30.0,19.4,4.9,52,53.1,133.16,0.65
2022-10-09 18:00:00,658,134,510,29.4,19.6,5.0,54,55.5,37.87,0.19
2022-10-09 18:30:00,589,119,394,28.8,19.9,5.1,55,58.8,0.0,0.0
2022-10-09 19:00:00,497,100,276,28.1,20.2,5.2,56,62.3,0.0,0.0
2022-10-10 06:00:00,0,0,0,23.4,22.2,1.8,24,92.9,0.0,0.0
2022-10-10 06:30:00,0,0,0,23.3,22.1,1.7,19,92.6,0.0,0.0
2022-10-10 07:00:00,0,0,0,23.3,22.0,1.5,13,92.4,0.0,0.0
2022-10-10 07:30:00,0,0,0,23.3,22.0,1.3,1,92.4,0.0,0.0
2022-10-10 08:00:00,0,0,0,23.3,22.0,1.2,348,92.3,0.0,0.0
2022-10-10 08:30:00,0,20,20,23.5,22.1,1.2,337,92.1,13.21,0.06
2022-10-10 09:00:00,0,23,23,23.8,22.2,1.3,333,90.4,17.47,0.09
2022-10-10 09:30:00,0,50,50,24.8,22.1,1.9,343,84.9,42.09,0.21
2022-10-10 10:00:00,0,119,119,25.8,22.0,2.4,350,79.8,107.85,0.52
2022-10-10 10:30:00,0,254,254,26.6,21.8,2.7,359,74.9,241.98,1.17
2022-10-10 11:00:00,0,277,277,27.4,21.5,3.0,6,70.3,271.83,1.31
2022-10-10 11:30:00,0,418,418,28.1,21.1,3.0,13,65.9,415.8,1.99
2022-10-10 12:00:00,175,425,566,28.7,20.7,3.0,20,62.3,565.09,2.68
2022-10-10 12:30:00,420,353,719,28.9,20.5,3.0,24,60.4,716.89,3.37
2022-10-10 13:00:00,615,275,839,29.3,20.3,2.9,28,58.5,828.46,3.87
2022-10-10 13:30:00,365,423,770,29.9,20.2,3.0,36,56.2,742.57,3.49
2022-10-10 14:00:00,160,532,687,30.5,20.1,3.1,42,54.0,635.65,3.01
2022-10-10 14:30:00,15,590,604,30.7,19.8,3.3,47,52.1,524.92,2.5
2022-10-10 15:00:00,60,563,620,30.9,19.5,3.6,53,50.6,493.39,2.36
2022-10-10 15:30:00,145,511,645,31.1,19.5,3.9,59,50.2,455.42,2.18
2022-10-10 16:00:00,296,420,682,31.1,19.5,4.2,63,50.2,410.08,1.97
2022-10-10 16:30:00,194,430,590,30.7,19.6,4.6,65,51.5,285.15,1.38
2022-10-10 17:00:00,242,370,552,30.3,19.7,4.9,67,53.2,195.71,0.95
2022-10-10 17:30:00,261,316,491,29.7,19.9,5.1,68,55.9,106.97,0.52
2022-10-10 18:00:00,509,185,475,29.0,20.2,5.3,69,58.9,36.3,0.18
2022-10-10 18:30:00,523,136,381,28.3,20.5,5.4,70,62.7,0.0,0.0
2022-10-10 19:00:00,428,111,264,27.5,20.8,5.5,71,66.6,0.0,0.0
2022-10-11 06:00:00,0,0,0,23.0,21.5,1.8,60,91.4,0.0,0.0
2022-10-11 06:30:00,0,0,0,23.1,21.7,1.8,58,92.0,0.0,0.0
2022-10-11 07:00:00,0,0,0,23.1,21.8,1.8,56,92.3,0.0,0.0
2022-10-11 07:30:00,0,0,0,23.2,21.9,1.8,54,92.1,0.0,0.0
2022-10-11 08:00:00,0,0,0,23.4,21.9,1.8,51,91.7,0.0,0.0
2022-10-11 08:30:00,0,29,29,23.6,22.0,2.0,48,91.2,19.21,0.09
2022-10-11 09:00:00,0,66,66,23.9,22.0,2.2,46,89.1,50.22,0.25
2022-10-11 09:30:00,0,68,68,24.9,21.7,2.4,44,82.6,57.33,0.28
2022-10-11 10:00:00,0,174,174,25.8,21.4,2.6,41,76.8,157.9,0.77
2022-10-11 10:30:00,19,290,301,26.4,20.8,2.6,40,71.6,287.05,1.39
2022-10-11 11:00:00,192,323,447,26.9,20.3,2.6,38,67.4,438.99,2.1
2022-10-11 11:30:00,56,417,458,27.1,20.0,2.5,38,65.0,455.8,2.18
2022-10-11 12:00:00,35,471,499,27.5,19.6,2.5,37,62.4,498.33,2.38
2022-10-11 12:30:00,142,475,598,28.1,19.4,2.6,39,59.1,596.49,2.83
2022-10-11 13:00:00,340,416,729,28.8,19.2,2.6,41,56.2,720.33,3.4
2022-10-11 13:30:00,453,376,807,29.4,19.0,2.7,45,53.8,778.98,3.66
2022-10-11 14:00:00,483,368,837,29.9,18.8,2.7,49,51.5,775.34,3.65
2022-10-11 14:30:00,627,287,898,30.2,18.5,2.8,54,49.4,781.53,3.68
2022-10-11 15:00:00,684,250,907,30.6,18.2,2.9,59,47.7,723.02,3.42
2022-10-11 15:30:00,832,156,930,30.8,18.1,3.1,62,47.0,658.06,3.12
2022-10-11 16:00:00,819,153,878,30.9,18.1,3.3,65,46.5,529.37,2.53
2022-10-11 16:30:00,801,148,810,30.8,18.0,3.5,69,46.6,392.91,1.9
2022-10-11 17:00:00,779,140,727,30.6,18.0,3.8,72,47.0,259.14,1.26
2022-10-11 17:30:00,746,132,631,30.4,18.2,4.0,74,48.1,138.75,0.68
2022-10-11 18:00:00,693,125,522,30.0,18.3,4.2,76,49.5,41.01,0.2
2022-10-11 18:30:00,624,113,405,29.3,18.4,4.4,78,51.9,0.0,0.0
2022-10-11 19:00:00,534,95,285,28.5,18.5,4.6,79,54.7,0.0,0.0
2022-10-12 06:00:00,0,0,0,22.6,19.9,1.4,15,84.9,0.0,0.0
2022-10-12 06:30:00,0,0,0,22.4,19.8,1.4,12,85.4,0.0,0.0
2022-10-12 07:00:00,0,0,0,22.2,19.7,1.3,8,85.8,0.0,0.0
2022-10-12 07:30:00,0,0,0,22.3,19.9,1.3,3,86.1,0.0,0.0
2022-10-12 08:00:00,0,0,0,22.4,20.0,1.3,358,86.4,0.0,0.0
2022-10-12 08:30:00,109,29,40,22.6,20.2,1.3,352,86.7,26.55,0.13
2022-10-12 09:00:00,83,93,110,23.0,20.4,1.5,350,85.1,83.86,0.41
2022-10-12 09:30:00,498,89,251,24.4,20.3,2.0,359,78.2,211.93,1.03
2022-10-12 10:00:00,589,110,369,25.6,20.2,2.4,4,72.3,335.28,1.62
2022-10-12 10:30:00,458,191,441,26.3,20.0,2.5,8,68.1,420.98,2.02
2022-10-12 11:00:00,384,260,509,27.0,19.7,2.6,12,64.3,500.25,2.39
2022-10-12 11:30:00,256,353,540,27.6,19.5,2.6,16,61.1,537.64,2.56
2022-10-12 12:00:00,189,420,573,28.2,19.2,2.7,21,58.3,572.36,2.72
2022-10-12 12:30:00,374,376,702,28.6,18.9,2.7,27,55.9,700.49,3.31
2022-10-12 13:00:00,385,395,749,29.0,18.7,2.7,33,53.8,740.58,3.49
2022-10-12 13:30:00,335,438,758,29.3,18.6,3.0,40,52.6,732.33,3.45
2022-10-12 14:00:00,623,291,897,29.7,18.5,3.2,45,51.1,831.85,3.9
2022-10-12 14:30:00,478,374,839,30.0,18.2,3.5,48,49.0,731.18,3.45
2022-10-12 15:00:00,472,369,823,30.3,17.9,3.7,51,47.4,657.15,3.12
2022-10-12 15:30:00,220,476,681,30.4,17.8,3.8,54,47.0,482.87,2.32
2022-10-12 16:00:00,203,460,640,30.5,17.7,4.0,57,46.5,386.9,1.87
2022-10-12 16:30:00,435,328,688,30.4,17.5,4.2,59,45.9,334.93,1.62
2022-10-12 17:00:00,533,253,655,30.3,17.4,4.4,62,45.8,234.71,1.14
2022-10-12 17:30:00,710,147,623,30.1,17.7,4.5,63,47.4,138.25,0.68
2022-10-12 18:00:00,658,137,515,29.7,17.9,4.7,65,49.1,41.56,0.2
2022-10-12 18:30:00,588,123,399,28.9,17.8,4.7,66,51.1,0.0,0.0
2022-10-12 19:00:00,489,104,278,28.1,17.8,4.8,67,53.4,0.0,0.0
2022-10-13 06:00:00,0,0,0,22.1,19.9,0.9,22,87.4,0.0,0.0
2022-10-13 06:30:00,0,0,0,22.2,20.0,0.8,15,87.7,0.0,0.0
2022-10-13 07:00:00,0,0,0,22.2,20.1,0.7,6,88.1,0.0,0.0
2022-10-13 07:30:00,0,0,0,22.0,20.1,0.8,358,88.9,0.0,0.0
2022-10-13 08:00:00,0,0,0,21.9,20.2,0.8,350,89.6,0.0,0.0
2022-10-13 08:30:00,185,29,46,22.1,20.4,0.7,337,89.9,30.61,0.15
2022-10-13 09:00:00,425,58,147,22.6,20.5,0.8,338,88.1,112.26,0.55
2022-10-13 09:30:00,572,77,265,24.0,20.4,1.2,8,80.8,224.08,1.09
2022-10-13 10:00:00,669,90,386,25.2,20.3,1.7,20,74.5,351.15,1.69
2022-10-13 10:30:00,495,178,448,25.9,20.0,2.0,26,70.2,428.07,2.05
2022-10-13 11:00:00,156,331,430,26.5,19.7,2.3,30,66.3,422.9,2.03
2022-10-13 11:30:00,327,321,562,27.0,19.4,2.4,33,63.2,559.76,2.66
2022-10-13 12:00:00,469,298,678,27.5,19.0,2.5,36,60.0,677.36,3.2
2022-10-13 12:30:00,556,281,767,28.4,18.8,2.6,40,56.4,765.61,3.6
2022-10-13 13:00:00,562,297,816,29.1,18.6,2.7,43,53.2,807.33,3.79
2022-10-13 13:30:00,331,432,749,29.5,18.3,3.0,47,50.9,724.26,3.42
2022-10-13 14:00:00,278,466,737,29.9,17.9,3.2,51,48.5,684.21,3.24
2022-10-13 14:30:00,18,551,569,30.3,17.4,3.3,55,45.9,496.53,2.38
2022-10-13 15:00:00,23,545,568,30.6,17.0,3.5,59,44.1,454.28,2.19
2022-10-13 15:30:00,36,543,576,30.6,16.9,3.7,63,43.9,409.25,1.98
2022-10-13 16:00:00,131,482,599,30.5,16.9,4.0,67,44.0,363.06,1.76
2022-10-13 16:30:00,419,329,676,30.2,16.9,4.3,69,44.8,330.25,1.6
2022-10-13 17:00:00,586,223,666,29.9,16.9,4.5,71,45.7,239.89,1.17
2022-10-13 17:30:00,783,112,638,29.5,17.1,4.7,71,47.2,142.85,0.7
2022-10-13 18:00:00,719,113,527,29.0,17.3,4.9,72,49.1,43.65,0.22
2022-10-13 18:30:00,643,106,409,28.4,17.6,4.9,71,52.0,0.0,0.0
2022-10-13 19:00:00,560,89,290,27.8,18.0,4.9,71,55.1,0.0,0.0
2022-10-14 06:00:00,0,0,0,21.9,19.7,1.0,81,87.1,0.0,0.0
2022-10-14 06:30:00,0,0,0,21.7,19.7,0.9,89,88.5,0.0,0.0
2022-10-14 07:00:00,0,0,0,21.5,19.7,0.8,98,89.7,0.0,0.0
2022-10-14 07:30:00,0,0,0,21.3,19.7,0.9,101,90.5,0.0,0.0
2022-10-14 08:00:00,0,0,0,21.3,19.8,0.9,102,90.9,0.0,0.0
2022-10-14 08:30:00,0,11,11,21.7,20.0,1.0,102,89.8,7.34,0.04
2022-10-14 09:00:00,0,50,50,22.4,20.1,1.1,95,86.9,38.25,0.19
2022-10-14 09:30:00,50,160,177,23.9,20.0,1.5,78,78.8,149.88,0.73
2022-10-14 10:00:00,251,194,305,25.3,19.9,1.9,70,72.1,277.78,1.34
2022-10-14 10:30:00,778,82,511,26.2,19.6,2.0,67,67.1,488.71,2.34
2022-10-14 11:00:00,624,166,572,27.0,19.3,2.2,66,63.0,562.93,2.68
2022-10-14 11:30:00,497,250,617,27.2,19.0,2.3,65,60.9,614.77,2.92
2022-10-14 12:00:00,384,332,644,27.5,18.8,2.4,64,58.9,643.48,3.05
2022-10-14 12:30:00,53,487,532,27.9,18.6,2.5,63,56.8,531.2,2.54
2022-10-14 13:00:00,0,431,431,28.4,18.4,2.6,62,54.4,426.67,2.05
2022-10-14 13:30:00,0,546,546,29.4,18.2,2.7,62,51.0,528.4,2.53
2022-10-14 14:00:00,1,554,555,30.1,18.0,2.8,63,48.4,515.78,2.47
2022-10-14 14:30:00,0,544,544,30.1,17.7,2.9,66,47.5,475.32,2.28
2022-10-14 15:00:00,155,513,662,30.1,17.5,3.0,69,46.8,530.29,2.54
2022-10-14 15:30:00,131,505,628,30.2,17.6,3.1,72,46.7,447.07,2.15
2022-10-14 16:00:00,115,487,589,30.2,17.7,3.2,74,46.9,357.91,1.73
2022-10-14 16:30:00,237,406,602,29.9,17.8,3.3,75,48.4,295.12,1.43
2022-10-14 17:00:00,239,366,546,29.6,18.0,3.4,77,49.7,197.67,0.96
2022-10-14 17:30:00,588,191,586,29.1,17.9,3.6,78,50.9,132.36,0.65
2022-10-14 18:00:00,741,104,531,28.7,17.9,3.8,80,52.2,45.1,0.22
2022-10-14 18:30:00,683,94,416,28.2,18.1,4.1,82,54.1,0.0,0.0
2022-10-14 19:00:00,604,80,297,27.7,18.3,4.3,83,56.5,0.0,0.0
2022-10-15 06:00:00,0,0,0,22.1,20.2,2.1,144,89.1,0.0,0.0
2022-10-15 06:30:00,0,0,0,22.1,20.3,2.1,149,89.3,0.0,0.0
2022-10-15 07:00:00,0,0,0,22.1,20.3,2.2,152,89.9,0.0,0.0
2022-10-15 07:30:00,0,0,0,21.9,20.4,2.3,151,91.3,0.0,0.0
2022-10-15 08:00:00,0,0,0,21.8,20.5,2.5,150,92.4,0.0,0.0
2022-10-15 08:30:00,0,20,20,22.0,20.8,2.6,149,92.7,13.37,0.07
2022-10-15 09:00:00,0,72,72,22.3,20.9,2.7,149,91.9,55.18,0.27
2022-10-15 09:30:00,0,94,94,23.0,20.9,2.8,148,88.1,79.71,0.39
2022-10-15 10:00:00,0,113,113,23.6,20.8,2.9,147,84.5,103.03,0.5
2022-10-15 10:30:00,0,275,275,23.9,20.5,3.2,146,81.2,263.24,1.27
2022-10-15 11:00:00,56,351,389,24.3,20.2,3.5,144,77.9,383.08,1.84
2022-10-15 11:30:00,216,357,516,24.8,19.9,3.6,142,74.2,514.3,2.45
2022-10-15 12:00:00,0,441,441,25.2,19.5,3.7,140,70.8,440.69,2.11
2022-10-15 12:30:00,23,468,488,25.7,19.3,3.9,138,67.6,487.4,2.33
2022-10-15 13:00:00,0,333,333,26.1,19.1,4.1,136,65.6,329.84,1.59
2022-10-15 13:30:00,0,407,407,26.0,19.2,4.1,133,66.4,394.19,1.9
2022-10-15 14:00:00,65,553,616,26.1,19.2,4.2,130,65.8,573.05,2.73
2022-10-15 14:30:00,276,464,734,26.8,18.8,4.2,130,61.4,642.13,3.04
2022-10-15 15:00:00,145,513,653,27.4,18.5,4.2,130,58.3,523.88,2.5
2022-10-15 15:30:00,6,535,541,27.3,18.4,4.1,129,58.3,385.88,1.86
2022-10-15 16:00:00,0,476,476,27.2,18.3,4.1,128,58.4,289.97,1.41
2022-10-15 16:30:00,34,471,499,27.0,18.2,4.1,128,58.7,245.46,1.19
2022-10-15 17:00:00,212,370,530,26.8,18.1,4.0,128,59.0,192.83,0.94
2022-10-15 17:30:00,201,327,463,26.6,18.0,4.0,128,59.1,105.48,0.52
2022-10-15 18:00:00,317,243,424,26.4,17.9,3.9,128,59.4,36.9,0.18
2022-10-15 18:30:00,394,172,360,26.2,17.8,3.9,128,59.9,0.0,0.0
2022-10-15 19:00:00,486,103,280,26.0,17.8,3.9,128,60.8,0.0,0.0
2022-10-16 06:00:00,0,0,0,20.4,17.6,2.7,173,84.2,0.0,0.0
2022-10-16 06:30:00,0,0,0,20.2,17.5,2.5,172,84.9,0.0,0.0
2022-10-16 07:00:00,0,0,0,20.0,17.5,2.4,170,85.7,0.0,0.0
2022-10-16 07:30:00,0,0,0,19.9,17.6,2.2,170,86.5,0.0,0.0
2022-10-16 08:00:00,0,0,0,19.9,17.6,2.2,169,86.7,0.0,0.0
2022-10-16 08:30:00,30,42,45,20.4,17.8,2.2,168,85.2,30.14,0.15
2022-10-16 09:00:00,0,56,56,21.1,17.9,2.3,166,81.7,42.99,0.21
2022-10-16 09:30:00,42,158,173,22.9,17.8,2.3,161,73.2,146.89,0.72
2022-10-16 10:00:00,739,74,406,24.3,17.8,2.5,154,66.7,370.57,1.79
2022-10-16 10:30:00,790,83,523,24.9,17.6,2.9,140,63.8,501.05,2.4
2022-10-16 11:00:00,798,103,625,25.4,17.3,3.3,131,60.7,615.85,2.93
2022-10-16 11:30:00,608,210,660,25.9,16.8,3.2,127,57.3,658.01,3.13
2022-10-16 12:00:00,336,360,634,26.4,16.5,3.2,123,54.6,633.58,3.02
2022-10-16 12:30:00,352,384,693,26.6,16.4,3.2,122,53.8,692.31,3.29
2022-10-16 13:00:00,338,415,728,26.8,16.4,3.1,121,53.0,721.47,3.42
2022-10-16 13:30:00,289,455,733,27.1,16.4,3.1,121,52.1,710.47,3.37
2022-10-16 14:00:00,401,407,800,27.3,16.4,3.1,120,51.4,744.93,3.53
2022-10-16 14:30:00,247,485,727,27.4,16.4,3.2,118,51.2,636.77,3.04
2022-10-16 15:00:00,327,439,755,27.5,16.4,3.2,115,50.7,606.61,2.9
2022-10-16 15:30:00,147,504,642,27.8,16.3,3.4,113,49.4,458.78,2.21
2022-10-16 16:00:00,6,510,515,28.0,16.3,3.5,112,48.9,314.49,1.53
2022-10-16 16:30:00,0,429,429,27.8,16.7,3.6,112,50.9,211.72,1.04
2022-10-16 17:00:00,0,373,373,27.5,17.0,3.7,112,52.7,136.38,0.67
2022-10-16 17:30:00,0,308,308,27.3,17.1,3.8,113,53.6,70.76,0.35
2022-10-16 18:00:00,588,160,499,27.0,17.2,3.8,113,55.1,44.46,0.22
2022-10-16 18:30:00,208,222,319,26.4,17.4,3.9,115,57.9,0.0,0.0
2022-10-16 19:00:00,167,168,229,25.8,17.7,4.0,115,60.8,0.0,0.0
2022-10-17 06:00:00,0,0,0,20.4,18.9,1.5,76,91.2,0.0,0.0
2022-10-17 06:30:00,0,0,0,20.5,19.1,1.4,81,91.5,0.0,0.0
2022-10-17 07:00:00,0,0,0,20.5,19.2,1.2,85,92.0,0.0,0.0
2022-10-17 07:30:00,0,0,0,20.2,19.0,1.0,81,93.1,0.0,0.0
2022-10-17 08:00:00,0,0,0,20.0,19.0,0.8,74,93.7,0.0,0.0
2022-10-17 08:30:00,68,41,48,20.5,19.2,0.9,68,92.5,32.21,0.16
2022-10-17 09:00:00,479,55,162,21.2,19.4,1.1,61,89.5,124.55,0.61
2022-10-17 09:30:00,633,68,282,23.0,19.6,1.9,58,81.2,239.75,1.16
2022-10-17 10:00:00,717,78,403,24.4,19.7,2.6,56,74.7,368.21,1.77
2022-10-17 10:30:00,739,98,512,25.0,19.5,2.8,53,71.4,490.91,2.35
2022-10-17 11:00:00,499,219,546,25.5,19.3,2.9,52,68.7,538.31,2.57
2022-10-17 11:30:00,420,287,599,25.8,19.4,3.0,53,67.5,597.35,2.84
2022-10-17 12:00:00,323,363,628,26.2,19.4,3.0,53,66.0,627.59,2.97
2022-10-17 12:30:00,306,402,672,26.8,19.4,3.1,54,63.7,671.47,3.17
2022-10-17 13:00:00,366,398,739,27.4,19.4,3.2,54,61.8,732.73,3.45
2022-10-17 13:30:00,253,470,713,27.6,19.3,3.4,54,60.7,691.58,3.27
2022-10-17 14:00:00,296,459,750,27.8,19.2,3.5,55,59.3,699.03,3.3
2022-10-17 14:30:00,73,557,629,28.3,19.0,3.5,55,56.8,551.57,2.63
2022-10-17 15:00:00,229,485,707,28.7,18.8,3.5,56,55.1,568.87,2.71
2022-10-17 15:30:00,66,534,596,28.6,18.8,3.5,58,55.3,426.68,2.05
2022-10-17 16:00:00,737,192,849,28.6,18.8,3.5,60,55.4,519.69,2.48
2022-10-17 16:30:00,581,254,738,28.7,18.9,3.6,62,55.2,365.41,1.76
2022-10-17 17:00:00,441,288,623,28.6,18.9,3.7,65,55.6,228.88,1.11
2022-10-17 17:30:00,607,186,594,27.9,18.7,3.8,67,57.3,137.61,0.67
2022-10-17 18:00:00,698,120,524,27.4,18.6,3.9,69,58.8,47.76,0.23
2022-10-17 18:30:00,485,149,380,27.2,18.6,4.0,70,59.3,0.0,0.0
2022-10-17 19:00:00,291,144,251,27.0,18.7,4.2,70,60.7,0.0,0.0
2022-10-18 06:00:00,0,0,0,22.4,20.3,0.5,24,88.1,0.0,0.0
2022-10-18 06:30:00,0,0,0,22.2,20.2,0.5,31,88.6,0.0,0.0
2022-10-18 07:00:00,0,0,0,22.0,20.1,0.5,39,89.1,0.0,0.0
2022-10-18 07:30:00,0,0,0,21.9,20.0,0.5,47,89.3,0.0,0.0
2022-10-18 08:00:00,0,0,0,21.9,20.1,0.6,52,89.6,0.0,0.0
2022-10-18 08:30:00,0,11,11,22.0,20.3,1.0,49,89.9,7.4,0.04
2022-10-18 09:00:00,0,24,24,22.5,20.6,1.4,47,89.1,18.48,0.09
2022-10-18 09:30:00,39,140,154,23.5,20.9,1.6,43,85.2,131.09,0.64
2022-10-18 10:00:00,1,240,241,24.4,21.1,1.8,40,81.7,220.42,1.07
2022-10-18 10:30:00,17,267,277,25.0,21.2,2.0,41,79.3,265.8,1.28
2022-10-18 11:00:00,0,272,272,25.5,21.2,2.1,42,77.1,268.31,1.3
2022-10-18 11:30:00,0,375,375,25.8,21.1,2.0,44,75.3,374.05,1.79
2022-10-18 12:00:00,321,358,622,26.2,21.1,2.0,47,73.7,621.57,2.94
2022-10-18 12:30:00,16,498,513,26.4,21.1,2.1,55,72.6,512.69,2.44
2022-10-18 13:00:00,158,486,633,26.7,21.1,2.3,62,71.1,627.93,2.96
2022-10-18 13:30:00,399,389,775,27.3,20.9,2.5,69,68.2,752.24,3.52
2022-10-18 14:00:00,304,445,743,27.8,20.7,2.8,74,65.3,693.12,3.26
2022-10-18 14:30:00,0,300,300,28.1,20.2,3.2,79,62.3,263.37,1.27
2022-10-18 15:00:00,0,144,144,28.3,19.8,3.6,82,60.0,116.03,0.57
2022-10-18 15:30:00,0,212,212,28.1,19.6,4.1,80,60.0,152.04,0.74
2022-10-18 16:00:00,0,317,317,27.9,19.5,4.4,78,60.6,194.49,0.95
2022-10-18 16:30:00,0,262,262,27.6,20.1,4.7,74,63.5,130.14,0.63
2022-10-18 17:00:00,0,211,211,27.4,20.5,4.9,70,65.9,77.88,0.38
2022-10-18 17:30:00,0,85,85,27.1,20.4,4.9,69,66.6,19.85,0.1
2022-10-18 18:00:00,0,112,112,26.8,20.3,4.9,68,67.4,10.44,0.05
2022-10-18 18:30:00,0,93,93,26.5,20.1,4.9,69,68.1,0.0,0.0
2022-10-18 19:00:00,0,80,80,26.1,20.0,4.9,69,69.4,0.0,0.0
2022-10-19 06:00:00,0,0,0,21.2,20.2,1.3,56,94.1,0.0,0.0
2022-10-19 06:30:00,0,0,0,21.1,20.2,1.3,50,94.4,0.0,0.0
2022-10-19 07:00:00,0,0,0,21.1,20.2,1.2,45,94.7,0.0,0.0
2022-10-19 07:30:00,0,0,0,21.1,20.3,1.0,42,95.0,0.0,0.0
2022-10-19 08:00:00,0,0,0,21.2,20.4,0.8,42,95.2,0.0,0.0
2022-10-19 08:30:00,0,13,13,21.4,20.6,1.0,49,95.2,8.76,0.04
2022-10-19 09:00:00,0,78,78,21.7,20.8,1.2,51,94.4,60.15,0.29
2022-10-19 09:30:00,64,153,174,22.5,21.0,1.4,49,91.3,148.29,0.72
2022-10-19 10:00:00,34,225,241,23.2,21.2,1.7,47,88.5,220.63,1.07
2022-10-19 10:30:00,0,197,197,23.8,21.4,1.8,46,86.4,189.17,0.92
2022-10-19 11:00:00,0,309,309,24.3,21.5,1.9,45,84.3,304.97,1.47
2022-10-19 11:30:00,95,396,467,24.7,21.4,2.3,46,82.1,465.91,2.22
2022-10-19 12:00:00,0,431,431,25.1,21.4,2.7,47,80.0,430.67,2.06
2022-10-19 12:30:00,120,469,575,25.4,21.3,2.8,48,78.1,574.74,2.72
2022-10-19 13:00:00,237,447,669,25.7,21.3,2.9,50,76.5,663.93,3.13
2022-10-19 13:30:00,51,515,564,25.8,21.2,2.9,54,75.5,547.8,2.6
2022-10-19 14:00:00,22,556,578,26.0,21.0,3.0,58,74.1,539.66,2.56
2022-10-19 14:30:00,0,506,506,26.3,20.6,3.1,60,71.0,444.69,2.13
2022-10-19 15:00:00,0,490,490,26.4,20.2,3.2,63,68.9,395.35,1.9
2022-10-19 15:30:00,0,439,439,26.0,19.9,3.3,65,69.2,315.39,1.52
2022-10-19 16:00:00,0,116,116,25.8,19.7,3.4,67,69.2,71.33,0.35
2022-10-19 16:30:00,0,236,236,26.0,19.6,3.5,67,68.0,117.59,0.57
2022-10-19 17:00:00,0,299,299,26.1,19.5,3.6,67,67.0,110.87,0.54
2022-10-19 17:30:00,0,213,213,25.7,19.0,3.8,66,66.7,50.14,0.25
2022-10-19 18:00:00,0,195,195,25.4,18.7,4.0,66,66.7,18.56,0.09
2022-10-19 18:30:00,0,172,172,25.2,18.7,4.1,66,67.5,0.0,0.0
2022-10-19 19:00:00,0,85,85,24.9,18.8,4.1,66,68.6,0.0,0.0
2022-10-20 06:00:00,0,0,0,21.6,19.6,2.2,50,88.2,0.0,0.0
2022-10-20 06:30:00,0,0,0,21.3,19.5,2.1,47,89.6,0.0,0.0
2022-10-20 07:00:00,0,0,0,21.0,19.4,2.1,44,90.6,0.0,0.0
2022-10-20 07:30:00,0,0,0,21.1,19.5,2.1,39,90.6,0.0,0.0
2022-10-20 08:00:00,0,0,0,21.3,19.7,2.1,34,90.2,0.0,0.0
2022-10-20 08:30:00,0,13,13,21.9,19.9,2.0,28,88.6,8.77,0.04
2022-10-20 09:00:00,0,30,30,22.5,20.1,2.1,25,86.4,23.17,0.11
2022-10-20 09:30:00,0,93,93,23.4,20.2,2.6,26,82.6,79.35,0.39
2022-10-20 10:00:00,0,200,200,24.1,20.2,3.1,28,78.9,183.26,0.89
2022-10-20 10:30:00,0,220,220,24.7,20.0,3.4,28,75.4,211.41,1.03
2022-10-20 11:00:00,634,161,581,25.2,19.8,3.5,29,72.1,573.69,2.73
2022-10-20 11:30:00,394,292,587,25.7,19.6,3.5,28,68.9,585.72,2.78
2022-10-20 12:00:00,376,334,644,26.1,19.4,3.4,28,66.6,643.44,3.05
2022-10-20 12:30:00,364,368,690,26.2,19.4,3.4,30,66.4,689.77,3.26
2022-10-20 13:00:00,361,391,729,26.2,19.4,3.4,31,66.0,723.77,3.41
2022-10-20 13:30:00,236,468,697,26.3,19.2,3.7,34,65.0,677.4,3.2
2022-10-20 14:00:00,146,518,661,26.6,19.0,3.9,37,63.2,617.66,2.93
2022-10-20 14:30:00,47,557,603,27.3,18.7,4.1,38,59.1,530.49,2.53
2022-10-20 15:00:00,0,365,365,27.9,18.4,4.2,39,56.3,294.88,1.43
2022-10-20 15:30:00,20,537,556,28.0,18.4,4.3,40,56.1,400.12,1.93
2022-10-20 16:00:00,0,459,459,28.0,18.4,4.4,41,56.0,282.88,1.37
2022-10-20 16:30:00,0,249,249,28.0,18.4,4.4,41,56.0,124.45,0.61
2022-10-20 17:00:00,210,359,517,27.9,18.4,4.4,42,56.3,192.58,0.94
2022-10-20 17:30:00,302,293,498,27.6,18.5,4.6,44,57.9,118.15,0.58
2022-10-20 18:00:00,263,257,411,27.2,18.6,4.7,46,59.4,39.95,0.2
2022-10-20 18:30:00,105,230,281,26.9,18.7,4.8,49,61.1,0.0,0.0
2022-10-20 19:00:00,0,95,95,26.5,18.9,4.8,52,63.0,0.0,0.0
2022-10-21 06:00:00,0,0,0,22.9,19.7,3.3,37,81.8,0.0,0.0
2022-10-21 06:30:00,0,0,0,22.7,19.5,3.4,34,82.3,0.0,0.0
2022-10-21 07:00:00,0,0,0,22.5,19.4,3.5,32,82.8,0.0,0.0
2022-10-21 07:30:00,0,0,0,22.4,19.4,3.3,31,83.3,0.0,0.0
2022-10-21 08:00:00,0,0,0,22.4,19.5,3.1,31,83.4,0.0,0.0
2022-10-21 08:30:00,0,18,18,22.9,19.7,3.1,30,82.4,12.17,0.06
2022-10-21 09:00:00,0,46,46,23.4,19.9,3.1,29,80.4,35.58,0.17
2022-10-21 09:30:00,0,162,162,24.3,19.7,3.4,26,75.5,138.37,0.68
2022-10-21 10:00:00,0,113,113,25.1,19.6,3.7,24,71.4,103.63,0.51
2022-10-21 10:30:00,0,224,224,25.7,19.5,4.0,25,68.8,215.39,1.05
2022-10-21 11:00:00,0,258,258,26.2,19.5,4.3,25,66.5,254.87,1.24
2022-10-21 11:30:00,106,401,482,26.5,19.3,4.5,24,64.6,481.02,2.3
2022-10-21 12:00:00,183,419,570,26.8,19.2,4.6,23,63.0,569.43,2.71
2022-10-21 12:30:00,0,433,433,27.0,19.2,4.7,23,62.4,432.89,2.08
2022-10-21 13:00:00,42,536,576,27.1,19.3,4.8,24,62.2,572.09,2.72
2022-10-21 13:30:00,0,435,435,27.2,19.5,4.8,25,62.8,423.02,2.03
2022-10-21 14:00:00,454,374,820,27.3,19.7,4.8,26,63.0,766.84,3.6
2022-10-21 14:30:00,0,525,525,27.5,19.6,4.8,26,62.3,462.33,2.21
2022-10-21 15:00:00,16,560,576,27.6,19.6,4.8,26,61.8,465.94,2.23
2022-10-21 15:30:00,185,489,662,27.5,19.6,4.8,28,62.2,477.18,2.28
2022-10-21 16:00:00,110,492,590,27.5,19.7,4.8,30,62.4,364.4,1.75
2022-10-21 16:30:00,298,383,632,27.8,19.8,4.9,31,62.1,316.81,1.53
2022-10-21 17:00:00,160,395,518,28.0,20.0,5.0,32,61.9,193.81,0.94
2022-10-21 17:30:00,469,239,556,27.9,20.0,5.0,35,62.3,132.93,0.65
2022-10-21 18:00:00,525,180,484,27.7,20.0,5.1,37,63.0,48.0,0.24
2022-10-21 18:30:00,610,116,407,27.2,20.0,5.2,40,64.9,0.0,0.0
2022-10-21 19:00:00,567,89,297,26.7,20.0,5.3,43,66.9,0.0,0.0
2022-10-22 06:00:00,0,0,0,23.4,20.5,3.1,11,84.0,0.0,0.0
2022-10-22 06:30:00,0,0,0,23.2,20.5,3.1,9,84.7,0.0,0.0
2022-10-22 07:00:00,0,0,0,23.1,20.5,3.1,7,85.3,0.0,0.0
2022-10-22 07:30:00,0,0,0,23.0,20.4,3.0,5,85.3,0.0,0.0
2022-10-22 08:00:00,0,0,0,23.0,20.4,2.9,2,85.2,0.0,0.0
2022-10-22 08:30:00,0,17,17,23.2,20.5,2.7,356,84.7,11.52,0.06
2022-10-22 09:00:00,256,80,142,23.6,20.6,2.8,352,83.5,109.98,0.54
2022-10-22 09:30:00,544,87,278,24.3,20.7,3.8,357,80.6,237.71,1.15
2022-10-22 10:00:00,298,189,324,24.9,20.7,4.6,360,77.6,297.39,1.43
2022-10-22 10:30:00,0,209,209,25.4,20.5,4.8,3,74.2,201.1,0.98
2022-10-22 11:00:00,0,305,305,26.0,20.2,4.9,7,70.8,301.43,1.46
2022-10-22 11:30:00,29,427,449,26.6,20.0,4.9,10,67.3,448.13,2.14
2022-10-22 12:00:00,0,455,455,27.1,19.9,4.8,13,64.8,454.46,2.17
2022-10-22 12:30:00,0,386,386,27.1,19.9,4.8,15,64.8,385.93,1.85
2022-10-22 13:00:00,27,506,531,27.2,19.9,4.7,16,64.4,527.59,2.51
2022-10-22 13:30:00,228,482,703,27.7,20.0,4.5,18,62.7,684.03,3.23
2022-10-22 14:00:00,85,553,638,28.2,20.0,4.3,19,61.1,597.09,2.83
2022-10-22 14:30:00,81,553,634,28.6,20.0,4.2,19,59.7,558.86,2.66
2022-10-22 15:00:00,161,514,670,28.9,20.0,4.1,19,58.7,542.65,2.58
2022-10-22 15:30:00,18,537,553,28.9,20.1,4.0,22,58.9,399.24,1.92
2022-10-22 16:00:00,204,452,635,28.9,20.0,4.0,24,58.9,393.02,1.89
2022-10-22 16:30:00,124,448,553,28.9,19.8,4.1,26,58.1,278.02,1.35
2022-10-22 17:00:00,71,421,476,28.8,19.8,4.1,28,58.4,178.87,0.87
2022-10-22 17:30:00,410,258,535,28.2,20.1,4.1,31,61.6,128.87,0.63
2022-10-22 18:00:00,569,162,494,27.6,20.3,4.1,35,64.8,49.96,0.24
2022-10-22 18:30:00,148,220,293,27.0,20.5,4.1,42,67.8,0.0,0.0
2022-10-22 19:00:00,0,157,157,26.4,20.7,4.3,47,70.7,0.0,0.0
2022-10-23 06:00:00,0,0,0,23.8,21.3,2.6,33,85.9,0.0,0.0
2022-10-23 06:30:00,0,0,0,23.6,21.1,2.3,26,85.9,0.0,0.0
2022-10-23 07:00:00,0,0,0,23.4,21.0,2.1,18,85.9,0.0,0.0
2022-10-23 07:30:00,0,0,0,23.2,20.8,1.8,14,86.2,0.0,0.0
2022-10-23 08:00:00,0,0,0,23.0,20.6,1.6,12,86.4,0.0,0.0
2022-10-23 08:30:00,0,5,5,23.1,20.7,1.5,19,86.4,3.39,0.02
2022-10-23 09:00:00,0,16,16,23.3,20.8,1.3,23,85.7,12.41,0.06
2022-10-23 09:30:00,0,27,27,24.0,21.0,1.0,16,83.2,23.11,0.11
2022-10-23 10:00:00,0,40,40,24.7,21.2,0.8,10,80.9,36.74,0.18
2022-10-23 10:30:00,0,56,56,25.1,21.2,0.7,25,79.0,53.92,0.26
2022-10-23 11:00:00,0,66,66,25.5,21.2,0.6,46,77.4,65.25,0.32
2022-10-23 11:30:00,0,95,95,25.7,21.3,0.8,71,76.8,94.83,0.46
2022-10-23 12:00:00,0,209,209,26.0,21.4,1.0,86,75.5,208.71,1.01
2022-10-23 12:30:00,0,121,121,26.5,21.2,1.5,91,72.4,120.98,0.59
2022-10-23 13:00:00,0,126,126,26.9,21.0,1.9,93,70.0,125.23,0.61
2022-10-23 13:30:00,0,148,148,26.8,20.8,2.4,91,69.3,144.08,0.7
2022-10-23 14:00:00,0,64,64,26.9,20.6,2.8,93,68.5,59.94,0.29
2022-10-23 14:30:00,0,112,112,27.1,20.5,2.8,103,67.1,98.82,0.48
2022-10-23 15:00:00,0,157,157,27.1,20.5,2.8,111,67.1,127.31,0.62
2022-10-23 15:30:00,0,154,154,26.4,20.8,2.7,113,71.7,111.35,0.54
2022-10-23 16:00:00,0,175,175,25.7,21.2,2.6,117,76.1,108.54,0.53
2022-10-23 16:30:00,0,193,193,25.4,21.5,2.6,127,79.1,97.31,0.47
2022-10-23 17:00:00,0,204,204,24.9,21.7,2.7,137,82.6,76.99,0.38
2022-10-23 17:30:00,0,140,140,24.0,21.8,2.8,143,87.5,33.97,0.17
2022-10-23 18:00:00,0,93,93,23.3,21.8,2.8,149,91.3,9.58,0.05
2022-10-23 18:30:00,0,72,72,23.1,21.6,2.9,152,91.3,0.0,0.0
2022-10-23 19:00:00,0,70,70,23.0,21.5,3.0,155,91.3,0.0,0.0
2022-10-24 06:00:00,0,0,0,21.4,20.0,2.2,193,91.7,0.0,0.0
2022-10-24 06:30:00,0,0,0,21.5,20.0,2.1,194,91.4,0.0,0.0
2022-10-24 07:00:00,0,0,0,21.5,20.0,2.0,194,91.3,0.0,0.0
2022-10-24 07:30:00,0,0,0,21.6,20.2,1.8,194,91.5,0.0,0.0
2022-10-24 08:00:00,0,0,0,21.7,20.3,1.6,194,91.7,0.0,0.0
2022-10-24 08:30:00,0,4,4,21.7,20.2,1.5,193,91.4,2.72,0.01
2022-10-24 09:00:00,0,16,16,21.8,20.3,1.4,186,91.3,12.42,0.06
2022-10-24 09:30:00,0,27,27,22.0,20.6,1.7,165,91.9,23.13,0.11
2022-10-24 10:00:00,0,53,53,22.2,20.9,2.0,154,92.4,48.72,0.24
2022-10-24 10:30:00,0,159,159,22.6,21.3,1.8,150,92.4,153.17,0.74
2022-10-24 11:00:00,0,176,176,22.9,21.6,1.6,147,92.2,174.07,0.84
2022-10-24 11:30:00,0,347,347,23.0,21.5,1.5,145,91.3,346.39,1.66
2022-10-24 12:00:00,0,340,340,23.1,21.5,1.4,142,90.7,339.44,1.63
2022-10-24 12:30:00,0,238,238,23.2,21.6,1.3,133,90.4,237.98,1.15
2022-10-24 13:00:00,0,165,165,23.3,21.6,1.4,123,90.0,164.05,0.8
2022-10-24 13:30:00,0,399,399,23.4,21.5,1.4,110,89.2,388.64,1.86
2022-10-24 14:00:00,0,269,269,23.6,21.5,1.5,100,88.0,252.11,1.22
2022-10-24 14:30:00,0,340,340,23.9,21.4,1.6,94,85.9,300.25,1.45
2022-10-24 15:00:00,0,275,275,24.4,21.4,1.7,90,83.8,223.25,1.08
2022-10-24 15:30:00,0,121,121,25.0,21.5,1.9,90,81.3,87.62,0.43
2022-10-24 16:00:00,0,207,207,25.4,21.6,2.0,89,79.1,128.64,0.63
2022-10-24 16:30:00,0,198,198,25.6,21.4,2.1,85,77.4,100.11,0.49
2022-10-24 17:00:00,0,173,173,25.7,21.2,2.3,82,76.0,65.56,0.32
2022-10-24 17:30:00,0,190,190,25.7,21.0,2.4,83,75.1,46.43,0.23
2022-10-24 18:00:00,0,131,131,25.7,20.7,2.5,83,74.3,13.75,0.07
2022-10-24 18:30:00,0,152,152,25.5,20.5,2.5,82,73.8,0.0,0.0
2022-10-24 19:00:00,0,96,96,25.3,20.3,2.5,79,73.8,0.0,0.0
2022-10-25 06:00:00,0,0,0,21.7,20.1,0.5,150,90.4,0.0,0.0
2022-10-25 06:30:00,0,0,0,21.5,20.0,0.6,175,91.5,0.0,0.0
2022-10-25 07:00:00,0,0,0,21.3,20.0,0.7,189,92.4,0.0,0.0
2022-10-25 07:30:00,0,0,0,21.4,20.1,0.9,190,92.7,0.0,0.0
2022-10-25 08:00:00,0,1,1,21.5,20.2,1.1,190,92.8,0.57,0.0
2022-10-25 08:30:00,0,21,21,21.7,20.4,1.2,184,92.5,14.3,0.07
2022-10-25 09:00:00,82,97,118,22.1,20.5,1.2,175,91.0,91.74,0.45
2022-10-25 09:30:00,653,65,299,23.2,20.8,1.1,153,85.9,256.43,1.24
2022-10-25 10:00:00,738,72,419,24.3,21.0,1.1,130,81.8,385.47,1.85
2022-10-25 10:30:00,323,236,421,24.9,21.2,1.0,107,79.6,405.79,1.94
2022-10-25 11:00:00,648,159,594,25.5,21.3,1.1,85,77.5,587.69,2.78
2022-10-25 11:30:00,663,180,681,26.0,21.2,1.1,67,75.2,679.83,3.2
2022-10-25 12:00:00,507,279,700,26.5,21.0,1.2,56,71.9,698.64,3.28
2022-10-25 12:30:00,185,452,617,27.4,20.4,1.3,62,65.8,616.94,2.92
2022-10-25 13:00:00,452,351,775,28.1,19.9,1.5,68,61.0,770.75,3.62
2022-10-25 13:30:00,616,273,872,28.3,19.6,1.8,77,59.2,849.78,3.97
2022-10-25 14:00:00,428,385,808,28.4,19.3,2.2,83,57.9,757.76,3.56
2022-10-25 14:30:00,210,495,703,28.3,19.2,2.4,87,58.0,621.34,2.95
2022-10-25 15:00:00,0,378,378,28.1,19.2,2.7,91,58.3,307.2,1.49
2022-10-25 15:30:00,0,254,254,27.8,19.0,2.9,94,59.0,184.2,0.9
2022-10-25 16:00:00,0,246,246,27.5,18.9,3.0,95,59.7,153.17,0.75
2022-10-25 16:30:00,339,359,643,27.4,19.1,2.9,95,60.6,325.98,1.58
2022-10-25 17:00:00,705,163,702,27.3,19.3,2.9,93,61.6,267.12,1.29
2022-10-25 17:30:00,584,189,588,27.4,19.6,2.7,90,62.8,144.71,0.71
2022-10-25 18:00:00,22,271,284,27.2,19.9,2.5,91,64.6,30.35,0.15
2022-10-25 18:30:00,0,42,42,26.3,20.1,2.6,104,68.5,0.0,0.0
2022-10-25 19:00:00,0,22,22,25.5,20.2,2.8,113,72.8,0.0,0.0
2022-10-26 06:00:00,0,0,0,20.9,20.1,2.6,187,95.3,0.0,0.0
2022-10-26 06:30:00,0,0,0,20.8,20.0,2.6,188,95.6,0.0,0.0
2022-10-26 07:00:00,0,0,0,20.7,20.0,2.6,189,95.8,0.0,0.0
2022-10-26 07:30:00,0,0,0,20.8,20.1,2.6,189,95.8,0.0,0.0
2022-10-26 08:00:00,0,1,1,20.9,20.1,2.5,188,95.6,0.57,0.0
2022-10-26 08:30:00,0,34,34,21.1,20.3,2.6,185,95.0,23.18,0.11
2022-10-26 09:00:00,187,102,147,21.5,20.4,2.6,181,93.5,114.42,0.56
2022-10-26 09:30:00,92,177,210,22.5,20.6,2.7,178,89.0,180.26,0.88
2022-10-26 10:00:00,691,87,414,23.4,20.7,2.8,174,84.8,381.14,1.83
2022-10-26 10:30:00,65,287,324,24.1,20.6,2.8,167,80.5,312.45,1.51
2022-10-26 11:00:00,30,361,382,24.8,20.5,2.8,161,76.8,378.07,1.82
2022-10-26 11:30:00,157,387,506,25.3,20.3,2.8,158,74.1,505.14,2.41
2022-10-26 12:00:00,0,445,445,25.7,20.2,2.7,155,71.7,444.0,2.12
2022-10-26 12:30:00,0,408,408,26.0,20.2,2.8,151,70.3,407.96,1.96
2022-10-26 13:00:00,1,526,527,26.4,20.2,2.8,147,68.8,524.26,2.5
2022-10-26 13:30:00,0,538,538,26.7,20.1,2.9,144,67.4,524.53,2.5
2022-10-26 14:00:00,0,502,502,26.9,20.1,2.9,141,66.1,471.08,2.25
2022-10-26 14:30:00,0,368,368,27.1,20.0,2.9,138,65.1,325.52,1.57
2022-10-26 15:00:00,0,495,495,27.2,19.9,3.0,134,64.5,402.72,1.93
2022-10-26 15:30:00,150,505,646,27.1,20.0,3.1,131,64.9,469.13,2.24
2022-10-26 16:00:00,266,429,668,27.1,20.0,3.2,128,64.9,416.72,2.0
2022-10-26 16:30:00,426,327,685,27.3,19.8,3.4,127,63.7,348.19,1.68
2022-10-26 17:00:00,95,418,491,27.4,19.6,3.5,126,62.4,187.58,0.91
2022-10-26 17:30:00,142,353,449,27.5,19.2,3.6,126,60.5,111.27,0.54
2022-10-26 18:00:00,748,103,542,27.5,18.9,3.8,126,59.7,58.93,0.29
2022-10-26 18:30:00,352,188,359,26.9,19.0,4.0,124,62.0,0.0,0.0
2022-10-26 19:00:00,34,192,205,26.4,19.1,4.1,122,64.4,0.0,0.0
2022-10-27 06:00:00,0,0,0,21.2,19.9,0.9,1,92.4,0.0,0.0
2022-10-27 06:30:00,0,0,0,21.0,19.8,0.6,334,92.6,0.0,0.0
2022-10-27 07:00:00,0,0,0,20.8,19.7,0.6,300,93.1,0.0,0.0
2022-10-27 07:30:00,0,0,0,20.5,19.5,0.7,296,93.9,0.0,0.0
2022-10-27 08:00:00,0,3,3,20.4,19.4,0.8,294,94.4,1.72,0.01
2022-10-27 08:30:00,170,47,69,21.0,19.9,0.9,297,93.9,47.12,0.23
2022-10-27 09:00:00,330,83,167,21.7,20.3,1.1,305,91.8,130.14,0.63
2022-10-27 09:30:00,674,66,309,23.1,20.5,1.2,324,85.3,265.47,1.28
2022-10-27 10:00:00,752,75,430,24.3,20.5,1.6,338,79.6,396.13,1.9
2022-10-27 10:30:00,806,82,547,25.1,20.3,2.2,347,74.7,527.76,2.51
2022-10-27 11:00:00,764,121,636,25.9,20.0,2.6,352,70.0,629.64,2.98
2022-10-27 11:30:00,622,209,681,26.9,19.8,2.6,354,65.4,679.85,3.21
2022-10-27 12:00:00,643,224,760,27.7,19.7,2.6,356,61.5,758.02,3.56
2022-10-27 12:30:00,912,97,913,28.2,19.5,2.6,358,59.2,912.88,4.25
2022-10-27 13:00:00,769,190,914,28.7,19.4,2.6,0,57.4,909.47,4.23
2022-10-27 13:30:00,746,213,939,29.0,19.6,2.7,1,56.8,915.89,4.26
2022-10-27 14:00:00,935,101,1027,29.4,19.6,2.7,3,55.5,964.32,4.47
2022-10-27 14:30:00,935,101,1028,29.9,19.1,2.6,6,52.4,910.04,4.24
2022-10-27 15:00:00,932,100,1010,30.3,18.8,2.5,10,50.0,822.55,3.86
2022-10-27 15:30:00,753,201,913,30.5,18.6,2.4,14,49.1,663.94,3.15
2022-10-27 16:00:00,680,229,840,30.6,18.5,2.5,20,48.4,524.98,2.51
2022-10-27 16:30:00,404,344,683,30.8,18.6,2.7,32,48.3,348.08,1.68
2022-10-27 17:00:00,611,220,689,30.8,18.7,3.1,41,48.6,264.25,1.28
2022-10-27 17:30:00,841,94,669,30.5,18.9,3.7,45,49.9,166.9,0.81
2022-10-27 18:00:00,790,95,560,30.2,19.1,4.2,47,51.5,61.92,0.3
2022-10-27 18:30:00,726,90,442,29.6,19.4,4.5,48,54.2,0.0,0.0
2022-10-27 19:00:00,654,78,322,29.0,19.7,4.8,48,57.1,0.0,0.0
2022-10-28 06:00:00,0,0,0,23.8,20.7,3.2,3,82.5,0.0,0.0
2022-10-28 06:30:00,0,0,0,23.6,20.6,3.1,359,83.2,0.0,0.0
2022-10-28 07:00:00,0,0,0,23.4,20.5,2.9,355,83.7,0.0,0.0
2022-10-28 07:30:00,0,0,0,23.3,20.3,2.7,350,83.4,0.0,0.0
2022-10-28 08:00:00,1,4,4,23.3,20.3,2.4,344,83.1,2.29,0.01
2022-10-28 08:30:00,335,38,81,23.6,20.5,2.2,337,82.7,55.4,0.27
2022-10-28 09:00:00,543,59,193,24.2,20.7,2.2,332,81.1,150.56,0.73
2022-10-28 09:30:00,670,72,315,25.3,20.8,2.5,335,76.4,270.86,1.31
2022-10-28 10:00:00,753,81,438,26.3,20.8,2.9,339,72.1,403.76,1.93
2022-10-28 10:30:00,813,86,557,27.0,20.7,3.4,344,68.4,537.66,2.55
2022-10-28 11:00:00,471,246,564,27.6,20.4,3.7,348,64.9,558.52,2.65
2022-10-28 11:30:00,738,163,725,28.1,20.1,3.7,350,61.9,723.78,3.4
2022-10-28 12:00:00,766,170,810,28.7,19.8,3.6,353,58.9,807.59,3.78
2022-10-28 12:30:00,846,144,901,29.3,19.6,3.7,358,55.9,900.85,4.19
2022-10-28 13:00:00,774,197,926,30.0,19.4,3.7,3,53.0,921.63,4.29
2022-10-28 13:30:00,939,105,1020,30.7,19.2,3.6,10,50.5,995.3,4.61
2022-10-28 14:00:00,887,140,1019,31.3,19.0,3.6,16,48.0,957.35,4.45
2022-10-28 14:30:00,941,107,1039,31.8,18.6,3.6,22,45.5,920.47,4.29
2022-10-28 15:00:00,933,109,1020,32.2,18.3,3.7,27,43.8,831.52,3.9
2022-10-28 15:30:00,726,225,912,32.1,18.4,3.7,33,44.2,664.08,3.15
2022-10-28 16:00:00,772,186,881,32.1,18.5,3.9,39,44.7,551.59,2.63
2022-10-28 16:30:00,886,110,855,31.9,18.7,4.1,42,45.7,436.84,2.1
2022-10-28 17:00:00,863,106,769,31.6,18.8,4.5,46,46.8,296.06,1.43
2022-10-28 17:30:00,831,102,670,31.3,19.0,4.8,48,48.3,168.25,0.82
2022-10-28 18:00:00,786,97,561,30.8,19.3,5.2,50,50.3,63.05,0.31
2022-10-28 18:30:00,726,91,443,30.2,19.8,5.5,51,53.7,0.0,0.0
2022-10-28 19:00:00,647,80,322,29.4,20.2,5.7,52,57.5,0.0,0.0
2022-10-29 06:00:00,0,0,0,24.0,21.8,2.7,6,87.7,0.0,0.0
2022-10-29 06:30:00,0,0,0,23.8,21.7,2.7,4,88.5,0.0,0.0
2022-10-29 07:00:00,0,0,0,23.6,21.7,2.7,1,89.2,0.0,0.0
2022-10-29 07:30:00,0,0,0,23.4,21.6,2.6,357,89.4,0.0,0.0
2022-10-29 08:00:00,0,1,1,23.4,21.6,2.6,352,89.4,0.57,0.0
2022-10-29 08:30:00,72,49,59,23.9,21.8,2.5,347,88.3,40.41,0.2
2022-10-29 09:00:00,524,61,192,24.5,22.0,2.6,344,86.0,149.94,0.73
2022-10-29 09:30:00,649,75,312,25.5,21.9,3.2,345,80.3,268.49,1.29
2022-10-29 10:00:00,671,101,422,26.5,21.7,3.7,346,75.1,389.24,1.86
2022-10-29 10:30:00,519,185,487,27.3,21.4,3.8,349,70.3,470.3,2.24
2022-10-29 11:00:00,430,257,548,28.1,21.1,3.9,352,66.0,542.82,2.58
2022-10-29 11:30:00,540,248,660,28.8,20.8,3.8,356,62.2,658.88,3.11
2022-10-29 12:00:00,640,228,763,29.5,20.5,3.7,360,58.6,760.42,3.56
2022-10-29 12:30:00,694,219,841,30.2,20.2,3.8,4,54.9,840.82,3.92
2022-10-29 13:00:00,695,231,887,30.9,19.8,3.8,9,51.8,883.01,4.11
2022-10-29 13:30:00,699,238,920,31.4,19.7,3.8,13,49.7,898.07,4.18
2022-10-29 14:00:00,632,282,908,31.9,19.4,3.8,18,47.8,853.53,3.99
2022-10-29 14:30:00,642,276,912,32.1,19.1,3.9,21,46.1,808.54,3.79
2022-10-29 15:00:00,622,282,889,32.2,18.8,3.9,25,45.2,725.42,3.42
2022-10-29 15:30:00,524,324,821,31.9,19.0,3.9,28,46.5,598.58,2.84
2022-10-29 16:00:00,467,335,756,31.6,19.1,3.9,33,47.5,474.15,2.27
2022-10-29 16:30:00,727,179,792,31.8,19.3,4.2,38,47.6,405.65,1.95
2022-10-29 17:00:00,824,113,747,31.8,19.5,4.6,43,48.3,288.67,1.4
2022-10-29 17:30:00,787,110,650,31.2,19.9,5.0,47,51.1,164.28,0.8
2022-10-29 18:00:00,740,105,542,30.6,20.4,5.4,49,54.3,61.89,0.3
2022-10-29 18:30:00,676,98,427,29.9,21.0,5.7,50,58.9,0.0,0.0
2022-10-29 19:00:00,587,87,308,29.1,21.5,6.0,50,63.6,0.0,0.0
2022-10-30 06:00:00,0,0,0,24.7,21.7,3.3,10,83.5,0.0,0.0
2022-10-30 06:30:00,0,0,0,24.5,21.6,3.2,7,84.0,0.0,0.0
2022-10-30 07:00:00,0,0,0,24.3,21.5,3.1,5,84.5,0.0,0.0
2022-10-30 07:30:00,0,0,0,24.3,21.6,2.9,3,84.7,0.0,0.0
2022-10-30 08:00:00,0,1,1,24.4,21.6,2.8,2,84.7,0.58,0.0
2022-10-30 08:30:00,0,14,14,24.7,21.8,2.7,1,84.0,9.6,0.05
2022-10-30 09:00:00,0,35,35,25.1,21.9,2.8,1,82.4,27.36,0.13
2022-10-30 09:30:00,0,57,57,25.8,21.8,3.8,4,78.3,49.09,0.24
2022-10-30 10:00:00,2,235,236,26.6,21.7,4.5,6,74.6,217.8,1.05
2022-10-30 10:30:00,0,315,315,27.2,21.6,4.6,9,71.6,304.32,1.46
2022-10-30 11:00:00,30,381,401,27.7,21.5,4.7,12,69.2,397.3,1.9
2022-10-30 11:30:00,1,420,421,27.9,21.5,4.6,15,68.2,420.27,2.01
2022-10-30 12:00:00,0,467,467,28.2,21.5,4.6,18,67.1,465.22,2.22
2022-10-30 12:30:00,107,493,589,28.6,21.6,4.5,20,66.0,588.84,2.78
2022-10-30 13:00:00,479,345,797,29.0,21.7,4.4,21,65.0,793.57,3.7
2022-10-30 13:30:00,249,478,721,29.3,21.8,4.3,22,64.2,704.07,3.3
2022-10-30 14:00:00,186,516,701,29.6,21.9,4.1,24,63.2,659.28,3.1
2022-10-30 14:30:00,209,506,714,29.9,21.7,4.2,27,61.4,633.44,2.99
2022-10-30 15:00:00,108,542,648,30.2,21.7,4.3,30,60.4,529.25,2.51
2022-10-30 15:30:00,0,540,540,30.1,21.9,4.5,34,61.7,394.19,1.88
2022-10-30 16:00:00,0,386,386,30.0,22.0,4.6,37,62.4,242.5,1.17
2022-10-30 16:30:00,0,285,285,29.8,21.5,4.8,41,61.4,146.32,0.71
2022-10-30 17:00:00,0,403,403,29.4,21.2,5.0,44,61.4,156.3,0.76
2022-10-30 17:30:00,0,296,296,28.7,21.4,5.3,44,64.6,75.28,0.37
2022-10-30 18:00:00,536,178,493,28.1,21.5,5.6,45,67.7,57.17,0.28
2022-10-30 18:30:00,376,184,367,27.5,21.7,6.0,45,70.6,0.0,0.0
2022-10-30 19:00:00,0,120,120,27.0,21.8,6.2,45,73.2,0.0,0.0
2022-10-31 06:00:00,0,0,0,24.3,21.4,3.7,13,83.9,0.0,0.0
2022-10-31 06:30:00,0,0,0,24.3,21.4,3.7,11,83.9,0.0,0.0
2022-10-31 07:00:00,0,0,0,24.2,21.4,3.7,9,84.1,0.0,0.0
2022-10-31 07:30:00,0,0,0,24.0,21.4,3.7,7,85.2,0.0,0.0
2022-10-31 08:00:00,0,1,1,24.0,21.4,3.7,6,85.7,0.58,0.0
2022-10-31 08:30:00,0,4,4,24.2,21.5,3.4,6,84.7,2.75,0.01
2022-10-31 09:00:00,0,25,25,24.5,21.5,3.3,5,83.1,19.56,0.1
2022-10-31 09:30:00,0,49,49,25.1,21.4,3.8,4,79.9,42.23,0.21
2022-10-31 10:00:00,0,65,65,25.6,21.3,4.2,4,77.2,60.02,0.29
2022-10-31 10:30:00,0,120,120,25.8,21.2,4.3,2,75.6,115.98,0.56
2022-10-31 11:00:00,0,148,148,26.1,21.1,4.4,1,74.2,146.67,0.71
2022-10-31 11:30:00,0,189,189,26.4,21.2,4.6,1,73.1,188.67,0.92
2022-10-31 12:00:00,0,221,221,26.6,21.2,4.8,1,72.3,220.06,1.07
2022-10-31 12:30:00,0,345,345,26.6,21.3,4.6,2,72.6,344.88,1.66
2022-10-31 13:00:00,0,376,376,26.6,21.3,4.4,3,72.7,374.45,1.8
2022-10-31 13:30:00,0,271,271,26.7,21.4,4.3,4,72.7,264.72,1.28
2022-10-31 14:00:00,0,276,276,26.8,21.5,4.2,7,72.8,259.7,1.25
2022-10-31 14:30:00,0,280,280,26.7,21.5,4.0,11,73.0,248.57,1.2
2022-10-31 15:00:00,0,353,353,26.8,21.5,4.0,15,72.9,288.56,1.39
2022-10-31 15:30:00,0,467,467,27.1,21.5,4.2,17,71.6,341.31,1.64
2022-10-31 16:00:00,0,460,460,27.3,21.5,4.4,19,70.9,289.47,1.39
2022-10-31 16:30:00,0,425,425,27.2,21.8,4.6,18,72.0,218.71,1.06
2022-10-31 17:00:00,0,338,338,27.2,21.9,4.7,17,72.6,131.56,0.64
2022-10-31 17:30:00,77,369,421,27.3,21.7,4.8,16,71.5,107.73,0.52
2022-10-31 18:00:00,23,319,333,27.4,21.6,4.9,16,70.7,39.2,0.19
2022-10-31 18:30:00,0,230,230,27.5,21.7,4.9,20,70.7,0.0,0.0
2022-10-31 19:00:00,0,128,128,27.5,21.8,4.8,24,71.4,0.0,0.0
