Date,Capacity(kW),Generation(kWh),Income
2024-01-01,97.01,202.3,190.16
2024-01-02,97.01,235.4,221.28
2024-01-03,97.01,337.4,317.16
2024-01-04,97.01,269.9,253.71
2024-01-05,97.01,307.1,288.67
2024-01-06,97.01,468.3,440.2
2024-01-07,97.01,126.3,118.72
2024-01-08,97.01,370.0,347.8
2024-01-09,97.01,444.9,418.21
2024-01-10,97.01,514.1,483.25
2024-01-11,97.01,535.7,503.56
2024-01-12,97.01,526.1,494.53
2024-01-13,97.01,498.0,468.12
2024-01-14,97.01,578.2,543.51
2024-01-15,97.01,521.0,489.74
2024-01-16,97.01,513.8,482.97
2024-01-17,97.01,593.8,558.17
2024-01-18,97.01,496.8,466.99
2024-01-19,97.01,530.5,498.67
2024-01-20,97.01,550.8,517.75
2024-01-21,97.01,401.2,377.13
2024-01-22,97.01,105.8,99.45
2024-01-23,97.01,301.2,283.13
2024-01-24,97.01,215.2,202.29
2024-01-25,97.01,269.3,253.14
2024-01-26,97.01,218.5,205.39
2024-01-27,97.01,313.4,294.6
2024-01-28,97.01,143.9,135.27
2024-01-29,97.01,329.6,309.82
2024-01-30,97.01,470.6,442.36
2024-01-31,97.01,376.1,353.53
2024-02-01,97.01,537.6,505.34
2024-02-02,97.01,377.3,354.66
2024-02-03,97.01,440.1,413.69
2024-02-04,97.01,483.5,454.49
2024-02-05,97.01,367.9,345.83
2024-02-06,97.01,315.4,296.48
2024-02-07,97.01,452.5,425.35
2024-02-08,97.01,266.8,250.79
2024-02-09,97.01,489.0,459.66
2024-02-10,97.01,301.8,283.69
2024-02-11,97.01,387.7,364.44
2024-02-12,97.01,486.8,457.59
2024-02-13,97.01,532.3,500.36
2024-02-14,97.01,499.3,469.34
2024-02-15,97.01,336.8,316.59
2024-02-16,97.01,250.3,235.28
2024-02-17,97.01,385.6,362.46
2024-02-18,97.01,247.6,232.74
2024-02-19,97.01,467.9,439.83
2024-02-20,97.01,218.2,205.11
2024-02-21,97.01,224.0,210.56
2024-02-22,97.01,321.8,302.49
2024-02-23,97.01,322.4,303.06
2024-02-24,97.01,512.2,481.47
2024-02-25,97.01,488.6,459.28
2024-02-26,97.01,523.4,492.0
2024-02-27,97.01,464.3,436.44
2024-02-28,97.01,548.6,515.68
2024-02-29,97.01,347.8,326.93
2024-03-01,97.01,456.6,429.2
2024-03-02,97.01,0.0,0.0
2024-03-03,97.01,0.0,0.0
2024-03-04,97.01,208.9,196.37
2024-03-05,97.01,368.7,346.58
2024-03-06,97.01,0.0,0.0
2024-03-07,97.01,364.6,342.72
2024-03-08,97.01,308.2,289.71
2024-03-09,97.01,479.3,450.54
2024-03-10,97.01,447.5,420.65
2024-03-11,97.01,267.0,250.98
2024-03-12,97.01,436.7,410.5
2024-03-13,97.01,343.7,323.08
2024-03-14,97.01,434.5,408.43
2024-03-15,97.01,472.4,444.06
2024-03-16,97.01,468.7,440.58
2024-03-17,97.01,501.2,471.13
2024-03-18,97.01,431.9,405.99
2024-03-19,97.01,380.7,357.86
2024-03-20,97.01,388.7,365.38
2024-03-21,97.01,396.8,372.99
2024-03-22,97.01,239.1,224.75
2024-03-23,97.01,7.5,7.05
2024-03-24,97.01,223.3,209.9
2024-03-25,97.01,394.5,370.83
2024-03-26,97.01,377.3,354.66
2024-03-27,97.01,394.0,370.36
2024-03-28,97.01,449.6,422.62
2024-03-29,97.01,369.8,347.61
2024-03-30,97.01,444.5,417.83
2024-03-31,97.01,421.2,395.93
2024-04-01,97.01,448.5,421.59
2024-04-02,97.01,266.9,250.89
2024-04-03,97.01,275.6,259.06
2024-04-04,97.01,161.0,151.34
2024-04-05,97.01,314.8,295.91
2024-04-06,97.01,447.9,421.03
2024-04-07,97.01,413.4,388.6
2024-04-08,97.01,387.0,363.78
2024-04-09,97.01,381.7,358.8
2024-04-10,97.01,383.4,360.4
2024-04-11,97.01,406.8,382.39
2024-04-12,97.01,318.6,299.48
2024-04-13,97.01,376.5,353.91
2024-04-14,97.01,421.6,396.3
2024-04-15,97.01,387.0,363.78
2024-04-16,97.01,265.0,249.1
2024-04-17,97.01,398.8,374.87
2024-04-18,97.01,331.3,311.42
2024-04-19,97.01,215.3,202.38
2024-04-20,97.01,327.5,307.85
2024-04-21,97.01,345.0,324.3
2024-04-22,97.01,229.9,216.11
2024-04-23,97.01,327.5,307.85
2024-04-24,97.01,367.1,345.07
2024-04-25,97.01,384.2,361.15
2024-04-26,97.01,182.1,171.17
2024-04-27,97.01,376.2,353.63
2024-04-28,97.01,411.2,386.53
2024-04-29,97.01,395.4,371.68
2024-04-30,97.01,352.6,331.44
2024-05-01,97.01,336.3,316.12
2024-05-02,97.01,356.6,335.2
2024-05-03,97.01,393.4,369.8
2024-05-04,97.01,382.7,359.74
2024-05-05,97.01,333.3,313.3
2024-05-06,97.01,334.9,314.81
2024-05-07,97.01,247.8,232.93
2024-05-08,97.01,307.3,288.86
2024-05-09,97.01,229.4,215.64
2024-05-10,97.01,293.9,276.27
2024-05-11,97.01,358.2,336.71
2024-05-12,97.01,357.9,336.43
2024-05-13,97.01,156.4,147.02
2024-05-14,97.01,368.3,346.2
2024-05-15,97.01,337.4,317.16
2024-05-16,97.01,307.7,289.24
2024-05-17,97.01,328.2,308.51
2024-05-18,97.01,307.2,288.77
2024-05-19,97.01,326.9,307.29
2024-05-20,97.01,336.5,316.31
2024-05-21,97.01,342.8,322.23
2024-05-22,97.01,288.3,271.0
2024-05-23,97.01,228.0,214.32
2024-05-24,97.01,334.9,314.81
2024-05-25,97.01,329.1,309.35
2024-05-26,97.01,223.1,209.71
2024-05-27,97.01,203.7,191.48
2024-05-28,97.01,301.4,283.32
2024-05-29,97.01,274.1,257.65
2024-05-30,97.01,301.4,283.32
2024-05-31,97.01,355.1,333.79
2024-06-01,97.01,231.4,217.52
2024-06-02,97.01,283.6,266.58
2024-06-03,97.01,267.2,251.17
2024-06-04,97.01,329.1,309.35
2024-06-05,97.01,233.0,219.02
2024-06-06,97.01,255.3,239.98
2024-06-07,97.01,321.6,302.3
2024-06-08,97.01,176.8,166.19
2024-06-09,97.01,301.1,283.03
2024-06-10,97.01,317.8,298.73
2024-06-11,97.01,284.6,267.52
2024-06-12,97.01,238.6,224.28
2024-06-13,97.01,118.0,110.92
2024-06-14,97.01,315.5,296.57
2024-06-15,97.01,315.1,296.19
2024-06-16,97.01,243.7,229.08
2024-06-17,97.01,156.6,147.2
2024-06-18,97.01,183.0,172.02
2024-06-19,97.01,255.5,240.17
2024-06-20,97.01,162.9,153.13
2024-06-21,97.01,273.3,256.9
2024-06-22,97.01,219.1,205.95
2024-06-23,97.01,256.6,241.2
2024-06-24,97.01,281.8,264.89
2024-06-25,97.01,334.2,314.15
2024-06-26,97.01,273.6,257.18
2024-06-27,97.01,264.2,248.35
2024-06-28,97.01,264.1,248.25
2024-06-29,97.01,0.0,0.0
2024-06-30,97.01,0.0,0.0
2024-07-01,97.01,138.4,130.1
2024-07-02,97.01,77.4,72.76
2024-07-03,97.01,107.8,101.33
2024-07-04,97.01,310.3,291.68
2024-07-05,97.01,297.3,279.46
2024-07-06,97.01,304.2,285.95
2024-07-07,97.01,275.6,259.06
2024-07-08,97.01,334.8,314.71
2024-07-09,97.01,254.2,238.95
2024-07-10,97.01,294.4,276.74
2024-07-11,97.01,315.3,296.38
2024-07-12,97.01,244.5,229.83
2024-07-13,97.01,0.0,0.0
2024-07-14,97.01,143.8,135.17
2024-07-15,97.01,338.0,317.72
2024-07-16,97.01,287.5,270.25
2024-07-17,97.01,305.8,287.45
2024-07-18,97.01,337.3,317.06
2024-07-19,97.01,358.0,336.52
2024-07-20,97.01,326.6,307.0
2024-07-21,97.01,167.9,157.83
2024-07-22,97.01,312.4,293.66
2024-07-23,97.01,303.5,285.29
2024-07-24,97.01,270.4,254.18
2024-07-25,97.01,268.1,252.01
2024-07-26,97.01,255.8,240.45
2024-07-27,97.01,0.0,0.0
2024-07-28,97.01,157.4,147.96
2024-07-29,97.01,357.9,336.43
2024-07-30,97.01,216.2,203.23
2024-07-31,97.01,274.3,257.84
2024-08-01,97.01,270.7,254.46
2024-08-02,97.01,75.5,70.97
2024-08-03,97.01,256.6,241.2
2024-08-04,97.01,240.6,226.16
2024-08-05,97.01,334.0,313.96
2024-08-06,97.01,323.0,303.62
2024-08-07,97.01,315.0,296.1
2024-08-08,97.01,403.1,378.91
2024-08-09,97.01,389.1,365.75
2024-08-10,97.01,375.8,353.25
2024-08-11,97.01,212.5,199.75
2024-08-12,97.01,155.8,146.45
2024-08-13,97.01,272.6,256.24
2024-08-14,97.01,322.9,303.53
2024-08-15,97.01,295.7,277.96
2024-08-16,97.01,383.3,360.3
2024-08-17,97.01,383.5,360.49
2024-08-18,97.01,403.3,379.1
2024-08-19,97.01,373.6,351.18
2024-08-20,97.01,429.5,403.73
2024-08-21,97.01,307.6,289.14
2024-08-22,97.01,209.2,196.65
2024-08-23,97.01,325.4,305.88
2024-08-24,97.01,401.7,377.6
2024-08-25,97.01,362.6,340.84
2024-08-26,97.01,268.7,252.58
2024-08-27,97.01,57.4,53.96
2024-08-28,97.01,77.8,73.13
2024-08-29,97.01,328.5,308.79
2024-08-30,97.01,426.9,401.29
2024-08-31,97.01,420.3,395.08
2024-09-01,97.01,411.7,387.0
2024-09-02,97.01,433.2,407.21
2024-09-03,97.01,344.4,323.74
2024-09-04,97.01,308.8,290.27
2024-09-05,97.01,307.6,289.14
2024-09-06,97.01,128.1,120.41
2024-09-07,97.01,321.8,302.49
2024-09-08,97.01,287.5,270.25
2024-09-09,97.01,160.4,150.78
2024-09-10,97.01,388.6,365.28
2024-09-11,97.01,211.8,199.09
2024-09-12,97.01,371.7,349.4
2024-09-13,97.01,393.2,369.61
2024-09-14,97.01,314.4,295.54
2024-09-15,97.01,356.0,334.64
2024-09-16,97.01,380.6,357.76
2024-09-17,97.01,112.0,105.28
2024-09-18,97.01,149.6,140.62
2024-09-19,97.01,304.4,286.14
2024-09-20,97.01,262.5,246.75
2024-09-21,97.01,314.2,295.35
2024-09-22,97.01,384.3,361.24
2024-09-23,97.01,408.5,383.99
2024-09-24,97.01,214.6,201.72
2024-09-25,97.01,416.5,391.51
2024-09-26,97.01,207.7,195.24
2024-09-27,97.01,438.0,411.72
2024-09-28,97.01,275.1,258.59
2024-09-29,97.01,226.2,212.63
2024-09-30,97.01,333.1,313.11
2024-10-01,97.01,231.4,217.52
2024-10-02,97.01,469.9,441.71
2024-10-03,97.01,401.1,377.03
2024-10-04,97.01,296.6,278.8
2024-10-05,97.01,312.0,293.28
2024-10-06,97.01,508.5,477.99
2024-10-07,97.01,334.3,314.24
2024-10-08,97.01,347.9,327.03
2024-10-09,97.01,411.8,387.09
2024-10-10,97.01,83.4,78.4
2024-10-11,97.01,190.0,178.6
2024-10-12,97.01,355.6,334.26
2024-10-13,97.01,371.0,348.74
2024-10-14,97.01,377.1,354.47
2024-10-15,97.01,385.6,362.46
2024-10-16,97.01,379.0,356.26
2024-10-17,97.01,485.9,456.75
2024-10-18,97.01,419.3,394.14
2024-10-19,97.01,485.1,455.99
2024-10-20,97.01,273.9,257.47
2024-10-21,97.01,144.2,135.55
2024-10-22,97.01,372.5,350.15
2024-10-23,97.01,421.4,396.12
2024-10-24,97.01,459.4,431.84
2024-10-25,97.01,468.3,440.2
2024-10-26,97.01,505.3,474.98
2024-10-27,97.01,193.9,182.27
2024-10-28,97.01,237.2,222.97
2024-10-29,97.01,114.2,107.35
2024-10-30,97.01,97.8,91.93
2024-10-31,97.01,253.6,238.38
2024-11-01,97.01,340.3,319.88
2024-11-02,97.01,315.9,296.95
2024-11-03,97.01,292.5,274.95
2024-11-04,97.01,286.2,269.03
2024-11-05,97.01,117.0,109.98
2024-11-06,97.01,326.4,306.82
2024-11-07,97.01,434.8,408.71
2024-11-08,97.01,378.8,356.07
2024-11-09,97.01,302.7,284.54
2024-11-10,97.01,427.0,401.38
2024-11-11,97.01,329.6,309.82
2024-11-12,97.01,580.5,545.67
2024-11-13,97.01,407.8,383.33
2024-11-14,97.01,228.1,214.41
2024-11-15,97.01,361.8,340.09
2024-11-16,97.01,490.5,461.07
2024-11-17,97.01,283.6,266.58
2024-11-18,97.01,376.3,353.72
2024-11-19,97.01,402.9,378.73
2024-11-20,97.01,505.4,475.08
2024-11-21,97.01,288.0,270.72
2024-11-22,97.01,318.2,299.11
2024-11-23,97.01,116.7,109.7
2024-11-24,97.01,369.8,347.61
2024-11-25,97.01,461.6,433.9
2024-11-26,97.01,404.7,380.42
2024-11-27,97.01,542.3,509.76
2024-11-28,97.01,454.0,426.76
2024-11-29,97.01,462.3,434.56
2024-11-30,97.01,435.0,408.9
2024-12-01,97.01,359.1,337.55
2024-12-02,97.01,508.4,477.9
2024-12-03,97.01,527.5,495.85
2024-12-04,97.01,461.5,433.81
2024-12-05,97.01,444.2,417.55
2024-12-06,97.01,519.8,488.61
2024-12-07,97.01,562.6,528.84
2024-12-08,97.01,571.3,537.02
2024-12-09,97.01,492.9,463.33
2024-12-10,97.01,509.1,478.55
2024-12-11,97.01,137.0,128.78
2024-12-12,97.01,434.3,408.24
2024-12-13,97.01,353.7,332.48
2024-12-14,97.01,387.7,364.44
2024-12-15,97.01,361.3,339.62
2024-12-16,97.01,449.0,422.06
2024-12-17,97.01,143.6,134.98
2024-12-18,97.01,350.1,329.09
2024-12-19,97.01,388.4,365.1
2024-12-20,97.01,494.5,464.83
2024-12-21,97.01,357.4,335.96
2024-12-22,97.01,539.7,507.32
2024-12-23,97.01,329.2,309.45
2024-12-24,97.01,191.3,179.82
2024-12-25,97.01,262.9,247.13
2024-12-26,97.01,477.0,448.38
2024-12-27,97.01,513.5,482.69
2024-12-28,97.01,478.4,449.7
2024-12-29,97.01,321.6,302.3
2024-12-30,97.01,189.8,178.41
2024-12-31,97.01,321.5,302.21
2025-01-01,97.01,157.3,147.86
2025-01-02,97.01,399.7,375.72
2025-01-03,97.01,226.1,212.53
2025-01-04,97.01,191.6,180.1
2025-01-05,97.01,109.6,103.02
2025-01-06,97.01,384.8,361.71
2025-01-07,97.01,375.3,352.78
2025-01-08,97.01,390.4,366.98
2025-01-09,97.01,278.7,261.98
2025-01-10,97.01,241.6,227.1
2025-01-11,97.01,373.2,350.81
2025-01-12,97.01,429.3,403.54
2025-01-13,97.01,328.5,308.79
2025-01-14,97.01,175.9,165.35
2025-01-15,97.01,329.8,310.01
2025-01-16,97.01,415.2,390.29
2025-01-17,97.01,431.0,405.14
2025-01-18,97.01,516.7,485.7
2025-01-19,97.01,541.5,509.01
2025-01-20,97.01,485.8,456.65
2025-01-21,97.01,546.4,513.62
2025-01-22,97.01,509.2,478.65
2025-01-23,97.01,515.4,484.48
2025-01-24,97.01,345.7,324.96
2025-01-25,97.01,391.1,367.63
2025-01-26,97.01,165.1,155.19
2025-01-27,97.01,448.6,421.68
2025-01-28,97.01,473.9,445.47
2025-01-29,97.01,432.1,406.17
2025-01-30,97.01,501.6,471.5
2025-01-31,97.01,447.3,420.46
2025-02-01,97.01,491.9,462.39
2025-02-02,97.01,520.9,489.65
2025-02-03,97.01,502.9,472.73
2025-02-04,97.01,490.7,461.26
2025-02-05,97.01,493.8,464.17
2025-02-06,97.01,420.5,395.27
2025-02-07,97.01,358.0,336.52
2025-02-08,97.01,364.9,343.01
2025-02-09,97.01,435.6,409.46
2025-02-10,97.01,438.5,412.19
2025-02-11,97.01,388.1,364.81
2025-02-12,97.01,489.4,460.04
2025-02-13,97.01,403.5,379.29
2025-02-14,97.01,161.1,151.43
2025-02-15,97.01,485.5,456.37
2025-02-16,97.01,487.2,457.97
2025-02-17,97.01,499.9,469.91
2025-02-18,97.01,506.2,475.83
2025-02-19,97.01,492.8,463.23
2025-02-20,97.01,363.1,341.31
2025-02-21,97.01,236.4,222.22
2025-02-22,97.01,490.9,461.45
2025-02-23,97.01,449.6,422.62
2025-02-24,97.01,381.7,358.8
2025-02-25,97.01,438.0,411.72
2025-02-26,97.01,386.0,362.84
2025-02-27,97.01,445.8,419.05
2025-02-28,97.01,414.3,389.44
2025-03-01,97.01,451.3,424.22
2025-03-02,97.01,447.7,420.84
2025-03-03,97.01,373.9,351.47
2025-03-04,97.01,480.5,451.67
2025-03-05,97.01,470.6,442.36
2025-03-06,97.01,487.0,457.78
2025-03-07,97.01,531.3,499.42
2025-03-08,97.01,231.3,217.42
2025-03-09,97.01,385.9,362.75
2025-03-10,97.01,488.1,458.81
2025-03-11,97.01,409.1,384.55
2025-03-12,97.01,344.0,323.36
2025-03-13,97.01,413.1,388.31
2025-03-14,97.01,410.8,386.15
2025-03-15,97.01,406.9,382.49
2025-03-16,97.01,376.5,353.91
2025-03-17,97.01,380.3,357.48
2025-03-18,97.01,309.4,290.84
2025-03-19,97.01,476.2,447.63
2025-03-20,97.01,263.8,247.97
2025-03-21,97.01,348.5,327.59
2025-03-22,97.01,334.0,313.96
2025-03-23,97.01,360.9,339.25
2025-03-24,97.01,320.2,300.99
2025-03-25,97.01,478.1,449.41
2025-03-26,97.01,124.1,116.65
2025-03-27,97.01,294.0,276.36
2025-03-28,97.01,455.6,428.26
2025-03-29,97.01,477.3,448.66
2025-03-30,97.01,402.5,378.35
2025-03-31,97.01,378.5,355.79
2025-04-01,97.01,308.3,289.8
2025-04-02,97.01,290.0,272.6
2025-04-03,97.01,333.7,313.68
2025-04-04,97.01,367.6,345.54
2025-04-05,97.01,358.6,337.08
2025-04-06,97.01,343.1,322.51
2025-04-07,97.01,239.7,225.32
2025-04-08,97.01,336.2,316.03
2025-04-09,97.01,314.1,295.25
2025-04-10,97.01,293.6,275.98
2025-04-11,97.01,323.8,304.37
2025-04-12,97.01,409.5,384.93
2025-04-13,97.01,402.8,378.63
2025-04-14,97.01,356.8,335.39
2025-04-15,97.01,422.2,396.87
2025-04-16,97.01,236.9,222.69
2025-04-17,97.01,130.0,122.2
2025-04-18,97.01,152.8,143.63
2025-04-19,97.01,203.5,191.29
2025-04-20,97.01,362.9,341.13
2025-04-21,97.01,292.8,275.23
2025-04-22,97.01,144.2,135.55
2025-04-23,97.01,226.5,212.91
2025-04-24,97.01,348.0,327.12
2025-04-25,97.01,260.1,244.49
2025-04-26,97.01,329.7,309.92
2025-04-27,97.01,352.7,331.54
2025-04-28,97.01,359.1,337.55
2025-04-29,97.01,308.8,290.27
2025-04-30,97.01,98.4,92.5
2025-05-01,97.01,169.9,159.71
2025-05-02,97.01,355.6,334.26
2025-05-03,97.01,344.5,323.83
2025-05-04,97.01,356.2,334.83
2025-05-05,97.01,276.2,259.63
2025-05-06,97.01,243.4,228.8
2025-05-07,97.01,276.1,259.53
2025-05-08,97.01,231.8,217.89
2025-05-09,97.01,345.0,324.3
2025-05-10,97.01,327.8,308.13
2025-05-11,97.01,328.6,308.88
2025-05-12,97.01,209.6,197.02
2025-05-13,97.01,187.4,176.16
2025-05-14,97.01,222.9,209.53
2025-05-15,97.01,270.7,254.46
2025-05-16,97.01,230.4,216.58
2025-05-17,97.01,292.2,274.67
2025-05-18,97.01,277.9,261.23
2025-05-19,97.01,254.5,239.23
2025-05-20,97.01,303.3,285.1
2025-05-21,97.01,132.2,124.27
2025-05-22,97.01,238.5,224.19
2025-05-23,97.01,350.4,329.38
2025-05-24,97.01,322.0,302.68
2025-05-25,97.01,244.6,229.92
2025-05-26,97.01,192.3,180.76
2025-05-27,97.01,258.8,243.27
2025-05-28,97.01,211.6,198.9
2025-05-29,97.01,176.3,165.72
2025-05-30,97.01,184.0,172.96
2025-05-31,97.01,195.3,183.58
2025-06-01,97.01,228.1,214.41
2025-06-02,97.01,198.7,186.78
2025-06-03,97.01,223.1,209.71
2025-06-04,97.01,327.6,307.94
2025-06-05,97.01,343.9,323.27
2025-06-06,97.01,332.2,312.27
2025-06-07,97.01,217.1,204.07
2025-06-08,97.01,309.8,291.21
2025-06-09,97.01,323.2,303.81
2025-06-10,97.01,231.6,217.7
2025-06-11,97.01,139.9,131.51
2025-06-12,97.01,272.0,255.68
2025-06-13,97.01,251.5,236.41
2025-06-14,97.01,320.8,301.55
2025-06-15,97.01,194.6,182.92
2025-06-16,97.01,211.7,199.0
2025-06-17,97.01,281.4,264.52
2025-06-18,97.01,256.8,241.39
2025-06-19,97.01,185.6,174.46
2025-06-20,97.01,301.6,283.5
2025-06-21,97.01,334.4,314.34
2025-06-22,97.01,317.3,298.26
2025-06-23,97.01,282.7,265.74
2025-06-24,97.01,323.2,303.81
2025-06-25,97.01,196.5,184.71
2025-06-26,97.01,264.6,248.72
2025-06-27,97.01,282.8,265.83
2025-06-28,97.01,192.6,181.04
2025-06-29,97.01,319.7,300.52
2025-06-30,97.01,339.1,318.75
2025-07-01,97.01,286.5,269.31
2025-07-02,97.01,145.1,136.39
2025-07-03,97.01,115.6,108.66
2025-07-04,97.01,243.8,229.17
2025-07-05,97.01,322.0,302.68
2025-07-06,97.01,348.2,327.31
2025-07-07,97.01,333.8,313.77
2025-07-08,97.01,200.4,188.38
2025-07-09,97.01,183.2,172.21
2025-07-10,97.01,247.7,232.84
2025-07-11,97.01,207.0,194.58
2025-07-12,97.01,244.9,230.21
2025-07-13,97.01,295.5,277.77
2025-07-14,97.01,286.3,269.12
2025-07-15,97.01,282.2,265.27
2025-07-16,97.01,333.1,313.11
2025-07-17,97.01,344.2,323.55
2025-07-18,97.01,338.4,318.1
2025-07-19,97.01,253.9,238.67
2025-07-20,97.01,343.3,322.7
2025-07-21,97.01,305.0,286.7
2025-07-22,97.01,328.9,309.17
2025-07-23,97.01,330.1,310.29
2025-07-24,97.01,319.5,300.33
2025-07-25,97.01,263.2,247.41
2025-07-26,97.01,215.5,202.57
2025-07-27,97.01,262.7,246.94
2025-07-28,97.01,306.6,288.2
2025-07-29,97.01,359.2,337.65
2025-07-30,97.01,289.5,272.13
2025-07-31,97.01,355.0,333.7
2025-08-01,97.01,370.5,348.27
2025-08-02,97.01,268.4,252.3
2025-08-03,97.01,312.6,293.84
2025-08-04,97.01,283.5,266.49
2025-08-05,97.01,289.4,272.04
2025-08-06,97.01,322.1,302.77
2025-08-07,97.01,355.7,334.36
2025-08-08,97.01,359.9,338.31
2025-08-09,97.01,383.4,360.4
2025-08-10,97.01,184.9,173.81
2025-08-11,97.01,200.1,188.09
2025-08-12,97.01,160.7,151.06
2025-08-13,97.01,246.8,231.99
2025-08-14,97.01,407.3,382.86
2025-08-15,97.01,334.3,314.24
2025-08-16,97.01,247.2,232.37
2025-08-17,97.01,321.8,302.49
2025-08-18,97.01,209.7,197.12
2025-08-19,97.01,285.8,268.65
2025-08-20,97.01,326.9,307.29
2025-08-21,97.01,352.7,331.54
2025-08-22,97.01,305.7,287.36
2025-08-23,97.01,284.8,267.71
2025-08-24,97.01,339.3,318.94
2025-08-25,97.01,267.1,251.07
2025-08-26,97.01,386.1,362.93
2025-08-27,97.01,380.8,357.95
2025-08-28,97.01,421.5,396.21
2025-08-29,97.01,336.2,316.03
2025-08-30,97.01,321.1,301.83
2025-08-31,97.01,282.8,265.83
2025-09-01,97.01,338.7,318.38
2025-09-02,97.01,331.4,311.52
2025-09-03,97.01,422.3,396.96
2025-09-04,97.01,282.7,265.74
2025-09-05,97.01,364.9,343.01
2025-09-06,97.01,454.4,427.14
2025-09-07,97.01,432.7,406.74
2025-09-08,97.01,201.3,189.22
2025-09-09,97.01,325.7,306.16
2025-09-10,97.01,449.7,422.72
2025-09-11,97.01,371.3,349.02
2025-09-12,97.01,336.4,316.22
2025-09-13,97.01,120.5,113.27
2025-09-14,97.01,201.3,189.22
2025-09-15,97.01,309.0,290.46
2025-09-16,97.01,329.5,309.73
2025-09-17,97.01,400.7,376.66
2025-09-18,97.01,183.3,172.3
2025-09-19,97.01,363.0,341.22
2025-09-20,97.01,233.8,219.77
2025-09-21,97.01,361.4,339.72
2025-09-22,97.01,432.6,406.64
2025-09-23,97.01,240.2,225.79
2025-09-24,97.01,354.4,333.14
2025-09-25,97.01,249.7,234.72
2025-09-26,97.01,315.4,296.48
2025-09-27,97.01,513.1,482.31
2025-09-28,97.01,421.2,395.93
2025-09-29,97.01,508.8,478.27
2025-09-30,97.01,340.4,319.98
2025-10-01,97.01,381.9,358.99
2025-10-02,97.01,364.4,342.54
2025-10-03,97.01,363.3,341.5
2025-10-04,97.01,402.2,378.07
2025-10-05,97.01,298.0,280.12
2025-10-06,97.01,388.8,365.47
2025-10-07,97.01,409.1,384.55
2025-10-08,97.01,302.0,283.88
2025-10-09,97.01,246.1,231.33
2025-10-10,97.01,356.1,334.73
2025-10-11,97.01,387.9,364.63
2025-10-12,97.01,332.4,312.46
2025-10-13,97.01,391.6,368.1
2025-10-14,97.01,258.8,243.27
2025-10-15,97.01,134.7,126.62
2025-10-16,97.01,254.6,239.32
2025-10-17,97.01,443.5,416.89
2025-10-18,97.01,457.7,430.24
2025-10-19,97.01,134.7,126.62
2025-10-20,97.01,142.9,134.33
2025-10-21,97.01,252.8,237.63
2025-10-22,97.01,415.5,390.57
2025-10-23,97.01,268.9,252.77
2025-10-24,97.01,300.0,282.0
2025-10-25,97.01,231.9,217.99
2025-10-26,97.01,413.7,388.88
2025-10-27,97.01,471.8,443.49
2025-10-28,97.01,442.5,415.95
2025-10-29,97.01,437.9,411.63
2025-10-30,97.01,309.6,291.02
2025-10-31,97.01,186.8,175.59
2025-11-01,97.01,346.2,325.43
2025-11-02,97.01,459.6,432.02
2025-11-03,97.01,432.9,406.93
2025-11-04,97.01,295.0,277.3
2025-11-05,97.01,424.5,399.03
2025-11-06,97.01,268.4,252.3
2025-11-07,97.01,194.0,182.36
2025-11-08,97.01,300.7,282.66
2025-11-09,97.01,250.4,235.38
2025-11-10,97.01,232.8,218.83
2025-11-11,97.01,206.1,193.73
2025-11-12,97.01,443.1,416.51
2025-11-13,97.01,334.0,313.96
2025-11-14,97.01,414.1,389.25
2025-11-15,97.01,394.3,370.64
2025-11-16,97.01,444.5,417.83
2025-11-17,97.01,266.2,250.23
2025-11-18,97.01,481.1,452.23
2025-11-19,97.01,273.0,256.62
2025-11-20,97.01,538.6,506.28
2025-11-21,97.01,542.7,510.14
2025-11-22,97.01,563.6,529.78
2025-11-23,97.01,299.4,281.44
2025-11-24,97.01,115.3,108.38
2025-11-25,97.01,424.7,399.22
2025-11-26,97.01,210.4,197.78
2025-11-27,97.01,468.4,440.3
2025-11-28,97.01,351.5,330.41
2025-11-29,97.01,469.3,441.14
2025-11-30,97.01,515.9,484.95
2025-12-01,97.01,469.8,441.61
2025-12-02,97.01,558.0,524.52
2025-12-03,97.01,193.2,181.61
2025-12-04,97.01,235.0,220.9
2025-12-05,97.01,372.5,350.15
2025-12-06,97.01,231.6,217.7
2025-12-07,97.01,321.7,302.4
2025-12-08,97.01,465.3,437.38
2025-12-09,97.01,460.1,432.49
2025-12-10,97.01,350.6,329.56
2025-12-11,97.01,459.9,432.31
2025-12-12,97.01,444.5,417.83
2025-12-13,97.01,324.7,305.22
2025-12-14,97.01,299.4,281.44
2025-12-15,97.01,428.0,402.32
2025-12-16,97.01,376.8,354.19
2025-12-17,97.01,435.3,409.18
2025-12-18,97.01,368.1,346.01
2025-12-19,97.01,450.0,423.0
2025-12-20,97.01,225.7,212.16
2025-12-21,97.01,457.8,430.33
2025-12-22,97.01,411.4,386.72
2025-12-23,97.01,456.1,428.73
2025-12-24,97.01,441.3,414.82
2025-12-25,97.01,481.0,452.14
2025-12-26,97.01,535.7,503.56
2025-12-27,97.01,495.7,465.96
2025-12-28,97.01,526.7,495.1
2025-12-29,97.01,559.0,525.46
2025-12-30,97.01,503.1,472.91
2025-12-31,97.01,482.7,453.74
